0001,100,1,1534835006.978,1534835069.103,74,1298
0002,100,1,1534835006.978,1534835069.103,74,1298
0003,100,1,1534835006.978,1534835069.104,74,1298
0004,100,1,1534835006.978,1534835069.104,74,1298
0005,100,1,1534835006.978,1534835069.104,74,1298
0006,100,1,1534835006.978,1534835069.104,74,1298
0007,100,1,1534835006.978,1534835069.104,74,1298
0008,100,1,1534835006.978,1534835069.104,73,1298
0009,100,1,1534835006.978,1534835069.104,74,1298
0010,100,4,1534835006.978,1534835571.993,42,830
0011,100,3,1534835006.978,1534835445.002,34,981
0012,100,3,1534835006.978,1534835445.002,34,981
0013,100,3,1534835006.978,1534835449.876,31,978
0014,100,3,1534835006.978,1534835449.876,31,978
0015,100,3,1534835006.978,1534835448.666,31,980
0016,100,3,1534835006.978,1534835448.667,31,980
0017,100,3,1534835006.978,1534835444.041,35,982
0018,100,3,1534835006.978,1534835456.292,24,979
0019,100,3,1534835006.978,1534835478.163,13,975
0020,100,3,1534835006.978,1534835453.12,27,979
0021,100,3,1534835006.978,1534835446.046,34,983
0022,100,3,1534835006.978,1534835446.046,34,983
0023,100,3,1534835006.978,1534835446.047,34,983
0024,100,3,1534835006.978,1534835446.047,34,983
0025,100,4,1534835006.978,1534835580.444,39,824
0026,100,4,1534835006.978,1534835580.445,39,826
0027,100,4,1534835006.978,1534835578.89,40,826
0028,100,4,1534835006.978,1534835578.89,40,826
0029,100,4,1534835006.978,1534835578.891,40,826
0030,100,4,1534835006.978,1534835578.891,39,826
0031,100,4,1534835006.978,1534835578.891,39,826
0032,100,4,1534835006.978,1534835580.87,39,826
0033,100,4,1534835006.978,1534835581.268,39,825
0034,100,4,1534835006.978,1534835574.51,40,826
0035,100,4,1534835006.978,1534835576.517,40,827
0036,100,4,1534835006.978,1534835576.087,40,827
0037,100,4,1534835006.978,1534835576.088,40,828
0038,100,4,1534835006.978,1534835603.963,26,824
0039,100,4,1534835006.978,1534835585.019,36,821
0040,100,4,1534835006.978,1534835585.706,36,820
0041,100,4,1534835006.978,1534835584.562,37,821
0042,100,4,1534835006.978,1534835585.707,36,820
0043,100,4,1534835006.978,1534835585.707,36,820
0044,100,4,1534835006.978,1534835585.707,36,820
0045,100,4,1534835006.978,1534835584.563,37,821
0046,100,4,1534835006.978,1534835582.554,38,822
0047,100,4,1534835006.978,1534835582.554,38,822
0048,100,4,1534835006.978,1534835583.01,38,821
0049,100,4,1534835006.978,1534835581.268,39,821
0050,100,4,1534835006.978,1534835581.268,39,821
0051,100,4,1534835006.978,1534835581.268,39,821
0052,100,4,1534835006.978,1534835581.268,39,821
0053,100,4,1534835006.978,1534835583.277,37,821
0054,100,4,1534835006.978,1534835583.277,37,821
0055,100,4,1534835006.978,1534835576.089,40,828
0056,100,4,1534835006.978,1534835582.554,38,826
0057,100,4,1534835006.978,1534835583.278,37,826
0058,100,4,1534835006.978,1534835590.155,35,818
0059,100,4,1534835006.978,1534835589.545,35,818
0060,100,4,1534835006.978,1534835587.715,36,819
0061,100,4,1534835006.978,1534835587.281,36,819
0062,100,4,1534835006.978,1534835587.716,35,819
0063,100,4,1534835006.978,1534835584.563,37,820
0064,100,4,1534835006.978,1534835585.707,36,819
0065,100,4,1534835006.978,1534835587.716,35,819
0066,100,4,1534835006.978,1534835586.865,36,819
0067,100,4,1534835006.978,1534835583.278,37,826
0068,100,4,1534835006.978,1534835571.997,42,829
0069,100,3,1534835006.978,1534835444.041,35,981
0070,100,3,1534835006.978,1534835446.06,34,983
0071,100,3,1534835006.978,1534835447.511,32,983
0072,100,4,1534835006.978,1534835603.964,26,825
0073,100,4,1534835006.978,1534835594.276,32,823
0074,100,4,1534835006.978,1534835590.155,35,819
0075,100,4,1534835006.978,1534835590.155,34,819
0076,100,4,1534835006.978,1534835589.045,35,820
0077,100,4,1534835006.978,1534835589.045,35,820
0078,100,4,1534835006.978,1534835594.277,32,823
0079,100,4,1534835006.978,1534835594.278,32,823
0080,100,4,1534835006.978,1534835594.278,32,823
0081,100,4,1534835006.978,1534835594.281,32,823
0082,100,4,1534835006.978,1534835619.287,0,856
0083,100,4,1534835006.978,1534835596.265,31,825
0084,100,4,1534835006.978,1534835598.534,30,825
0085,100,4,1534835006.978,1534835598.534,30,825
0086,100,4,1534835006.978,1534835597.746,31,824
0087,100,4,1534835006.978,1534835589.046,35,820
0088,100,4,1534835006.978,1534835590.155,34,819
0089,100,4,1534835006.978,1534835586.871,36,820
0090,100,4,1534835006.978,1534835597.746,31,824
0091,100,4,1534835006.978,1534835597.746,31,824
0092,100,4,1534835006.978,1534835598.534,30,825
0093,100,4,1534835006.978,1534835598.534,30,826
0094,100,4,1534835006.978,1534835598.534,29,826
0095,100,4,1534835006.978,1534835598.534,30,825
0096,100,4,1534835006.978,1534835600.544,29,826
0097,100,4,1534835006.978,1534835599.888,29,826
0098,100,4,1534835006.978,1534835599.888,29,826
0099,100,4,1534835006.978,1534835599.888,29,826
0100,100,4,1534835006.978,1534835600.544,29,827
0101,100,4,1534835006.978,1534835600.544,28,827
0102,100,4,1534835006.978,1534835600.544,28,827
0103,100,4,1534835006.978,1534835600.545,28,826
0104,100,4,1534835006.978,1534835600.545,28,827
0105,100,4,1534835006.978,1534835602.974,26,827
0106,100,4,1534835006.978,1534835602.974,26,826
0107,100,4,1534835006.978,1534835604.983,25,827
0108,100,4,1534835006.978,1534835604.984,25,827
0109,100,4,1534835006.978,1534835607.315,0,828
0110,100,4,1534835006.978,1534835607.315,0,828
0111,100,4,1534835006.978,1534835607.315,0,829
0112,100,4,1534835006.978,1534835606.191,25,829
0113,100,4,1534835006.978,1534835606.191,24,829
0114,100,4,1534835006.978,1534835606.192,25,829
0115,100,4,1534835006.978,1534835607.316,0,829
0116,100,4,1534835006.978,1534835609.243,0,834
0117,100,4,1534835006.978,1534835608.526,0,832
0118,100,4,1534835006.978,1534835608.526,0,832
0119,100,4,1534835006.978,1534835609.243,0,833
0120,100,4,1534835006.978,1534835619.287,0,856
0121,100,4,1534835006.978,1534835611.707,0,837
0122,100,4,1534835006.978,1534835610.535,0,834
0123,100,4,1534835006.978,1534835610.535,0,834
0124,100,4,1534835006.978,1534835610.536,0,834
0125,100,4,1534835006.978,1534835611.707,0,836
0126,100,4,1534835006.978,1534835611.708,0,836
0127,100,4,1534835006.978,1534835611.708,0,836
0128,100,4,1534835006.978,1534835611.709,0,836
0129,100,4,1534835006.978,1534835614.777,0,844
0130,100,4,1534835006.978,1534835614.777,0,844
0131,100,4,1534835006.978,1534835614.778,0,844
0132,100,4,1534835006.978,1534835611.71,0,836
0133,100,4,1534835006.978,1534835617.874,0,851
0134,100,4,1534835006.978,1534835617.035,0,849
0135,100,4,1534835006.978,1534835617.875,0,850
0136,100,4,1534835006.978,1534835617.036,0,849
0137,100,4,1534835006.978,1534835617.036,0,849
0138,100,4,1534835006.978,1534835617.875,0,852
0139,100,4,1534835006.978,1534835601.954,26,827
0140,100,4,1534835006.978,1534835617.876,0,851
0141,100,4,1534835006.978,1534835617.876,0,851
0142,100,4,1534835006.978,1534835617.876,0,851
0143,100,4,1534835006.978,1534835619.287,0,854
0144,100,4,1534835006.978,1534835621.371,0,857
0145,100,4,1534835006.978,1534835620.166,0,854
0146,100,4,1534835006.978,1534835620.166,0,855
0147,100,4,1534835006.978,1534835620.166,0,855
0148,100,4,1534835006.978,1534835620.166,0,856
0149,100,4,1534835006.978,1534835620.166,0,856
0150,100,4,1534835006.978,1534835620.166,0,856
0151,100,4,1534835006.978,1534835621.371,0,859
0152,100,4,1534835006.978,1534835623.386,0,860
0153,100,4,1534835006.978,1534835622.31,0,858
0154,100,4,1534835006.978,1534835625.546,0,866
0155,100,4,1534835006.978,1534835622.31,0,858
0156,100,4,1534835006.978,1534835622.31,0,858
0157,100,4,1534835006.978,1534835622.31,0,857
0158,100,4,1534835006.978,1534835621.371,0,861
0159,100,4,1534835006.978,1534835608.526,0,832
0160,100,4,1534835006.978,1534835627.797,0,873
0161,100,4,1534835006.978,1534835627.797,0,872
0162,100,4,1534835006.978,1534835626.707,0,869
0163,100,4,1534835006.978,1534835626.708,0,869
0164,100,4,1534835006.978,1534835626.708,0,869
0165,100,4,1534835006.978,1534835625.547,0,866
0166,100,4,1534835006.978,1534835625.547,0,866
0167,100,4,1534835006.978,1534835627.798,0,872
0168,100,4,1534835006.978,1534835630.05,0,878
0169,100,4,1534835006.978,1534835628.94,0,873
0170,100,4,1534835006.978,1534835630.051,0,878
0171,100,4,1534835006.978,1534835626.71,0,868
0172,100,4,1534835006.978,1534835628.941,0,874
0173,100,4,1534835006.978,1534835628.941,0,874
0174,100,4,1534835006.978,1534835628.941,0,874
0175,100,4,1534835006.978,1534835628.942,0,874
0176,100,4,1534835006.978,1534835628.942,0,874
0177,100,4,1534835006.978,1534835630.051,0,877
0178,100,4,1534835006.978,1534835622.31,0,864
0179,100,4,1534835006.978,1534835601.954,26,826
0180,100,3,1534835006.978,1534835634.574,0,1034
0181,100,4,1534835006.978,1534835633.439,0,885
0182,100,4,1534835006.978,1534835645.776,0,915
0183,100,4,1534835006.978,1534835632.314,0,882
0184,100,4,1534835006.978,1534835632.315,0,882
0185,100,4,1534835006.978,1534835631.183,0,879
0186,100,4,1534835006.978,1534835632.315,0,883
0187,100,4,1534835006.978,1534835631.184,0,879
0188,100,3,1534835006.978,1534835649.937,0,1073
0189,100,3,1534835006.978,1534835644.919,0,1060
0190,100,3,1534835006.978,1534835643.756,0,1057
0191,100,3,1534835006.978,1534835643.756,0,1057
0192,100,3,1534835006.978,1534835643.756,0,1057
0193,100,3,1534835006.978,1534835644.919,0,1060
0194,100,3,1534835006.978,1534835642.517,0,1054
0195,100,3,1534835006.978,1534835642.518,0,1054
0196,100,3,1534835006.978,1534835662.978,0,1099
0197,100,3,1534835006.978,1534835653.248,0,1081
0198,100,3,1534835006.978,1534835651.081,0,1076
0199,100,3,1534835006.978,1534835649.189,0,1071
0200,100,3,1534835006.978,1534835648.82,0,1070
0201,100,3,1534835006.978,1534835648.821,0,1070
0202,100,3,1534835006.978,1534835649.19,0,1071
0203,100,3,1534835006.978,1534835648.075,0,1068
0204,100,3,1534835006.978,1534835648.075,0,1068
0205,100,2,1534835006.978,1534835330.757,1,1110
0206,100,3,1534835006.978,1534835663.449,0,1099
0207,100,3,1534835006.978,1534835662.374,0,1098
0208,100,3,1534835006.978,1534835662.374,0,1098
0209,100,3,1534835006.978,1534835661.122,0,1096
0210,100,3,1534835006.978,1534835661.124,0,1096
0211,100,3,1534835006.978,1534835662.98,0,1099
0212,100,3,1534835006.978,1534835662.98,0,1099
0213,100,2,1534835006.978,1534835330.757,1,1110
0214,100,2,1534835006.978,1534835330.758,1,1110
0215,100,2,1534835006.978,1534835330.758,1,1110
0216,100,2,1534835006.978,1534835330.758,1,1110
0217,100,2,1534835006.978,1534835328.361,4,1110
0218,100,2,1534835006.978,1534835330.759,1,1110
0219,100,2,1534835006.978,1534835330.759,1,1110
0220,100,3,1534835006.978,1534835662.982,0,1099
0221,100,3,1534835006.978,1534835634.585,0,1034
0222,100,3,1534835006.978,1534835634.585,0,1034
0223,100,4,1534835006.978,1534835631.196,0,879
0224,100,4,1534835006.978,1534835622.31,0,856
0225,100,2,1534835006.978,1534835326.358,6,1109
0226,100,2,1534835006.978,1534835327.168,5,1110
0227,100,2,1534835006.978,1534835328.362,4,1110
0228,100,2,1534835006.978,1534835328.362,4,1110
0229,100,2,1534835006.978,1534835328.363,4,1110
0230,100,2,1534835006.978,1534835328.363,4,1110
0231,100,2,1534835006.978,1534835328.365,4,1110
0232,100,2,1534835006.978,1534835325.165,8,1109
0233,100,2,1534835006.978,1534835326.358,6,1109
0234,100,2,1534835006.978,1534835326.358,6,1109
0235,100,2,1534835006.978,1534835323.876,9,1109
0236,100,2,1534835006.978,1534835326.358,6,1109
0237,100,2,1534835006.978,1534835326.358,6,1109
0238,100,2,1534835006.978,1534835326.358,6,1109
0239,100,2,1534835006.978,1534835326.358,6,1109
0240,100,2,1534835006.978,1534835323.081,10,1109
0241,100,2,1534835006.978,1534835323.876,9,1109
0242,100,2,1534835006.978,1534835324.34,9,1109
0243,100,2,1534835006.978,1534835324.34,9,1109
0244,100,2,1534835006.978,1534835321.506,13,1109
0245,100,2,1534835006.978,1534835324.34,9,1109
0246,100,2,1534835006.978,1534835324.34,8,1109
0247,100,2,1534835006.978,1534835324.34,8,1109
0248,100,2,1534835006.978,1534835324.34,9,1109
0249,100,2,1534835006.978,1534835326.358,5,1109
0250,100,2,1534835006.978,1534835321.506,12,1109
0251,100,2,1534835006.978,1534835321.893,11,1109
0252,100,2,1534835006.978,1534835321.894,11,1109
0253,100,2,1534835006.978,1534835321.895,11,1109
0254,100,2,1534835006.978,1534835321.896,11,1109
0255,100,2,1534835006.978,1534835321.897,11,1109
0256,100,2,1534835006.978,1534835321.897,11,1109
0257,100,2,1534835006.978,1534835328.366,4,1109
0258,100,2,1534835006.978,1534835328.366,4,1109
0259,100,4,1534835006.978,1534835572.022,42,831
0260,100,3,1534835006.978,1534835447.511,32,985
0261,100,3,1534835006.978,1534835448.094,32,984
0262,100,3,1534835006.978,1534835448.095,32,984
0263,100,3,1534835006.978,1534835448.095,31,984
0264,100,3,1534835006.978,1534835448.096,31,984
0265,100,3,1534835006.978,1534835448.096,32,984
0266,100,3,1534835006.978,1534835450.728,29,983
0267,100,3,1534835006.978,1534835450.345,30,983
0268,100,3,1534835006.978,1534835450.345,30,984
0269,100,3,1534835006.978,1534835450.346,30,984
0270,100,3,1534835006.978,1534835450.346,30,984
0271,100,3,1534835006.978,1534835450.347,30,984
0272,100,3,1534835006.978,1534835450.73,29,984
0273,100,3,1534835006.978,1534835451.917,29,982
0274,100,3,1534835006.978,1534835451.917,29,982
0275,100,3,1534835006.978,1534835452.724,28,982
0276,100,2,1534835006.978,1534835329.17,3,1110
0277,100,3,1534835006.978,1534835452.724,28,984
0278,100,3,1534835006.978,1534835452.724,28,983
0279,100,3,1534835006.978,1534835452.724,28,984
0280,100,3,1534835006.978,1534835453.12,27,984
0281,100,3,1534835006.978,1534835454.0,26,984
0282,100,3,1534835006.978,1534835454.001,26,984
0283,100,3,1534835006.978,1534835455.254,25,984
0284,100,3,1534835006.978,1534835454.41,26,984
0285,100,3,1534835006.978,1534835454.812,26,985
0286,100,2,1534835006.978,1534835330.368,2,1110
0287,100,3,1534835006.978,1534835454.813,25,985
0288,100,3,1534835006.978,1534835454.813,25,985
0289,100,3,1534835006.978,1534835454.813,25,985
0290,100,3,1534835006.978,1534835455.254,25,985
0291,100,3,1534835006.978,1534835456.748,24,985
0292,100,3,1534835006.978,1534835458.19,24,985
0293,100,3,1534835006.978,1534835460.364,22,983
0294,100,3,1534835006.978,1534835457.36,24,985
0295,100,3,1534835006.978,1534835446.125,33,984
0296,100,3,1534835006.978,1534835457.36,24,984
0297,100,3,1534835006.978,1534835457.36,24,984
0298,100,3,1534835006.978,1534835457.36,24,984
0299,100,3,1534835006.978,1534835457.36,24,984
0300,100,3,1534835006.978,1534835457.36,24,984
0301,100,3,1534835006.978,1534835458.877,23,983
0302,100,3,1534835006.978,1534835458.88,23,983
0303,100,3,1534835006.978,1534835459.696,23,982
0304,100,3,1534835006.978,1534835459.697,23,982
0305,100,3,1534835006.978,1534835459.698,23,982
0306,100,3,1534835006.978,1534835459.704,23,982
0307,100,3,1534835006.978,1534835459.704,23,981
0308,100,3,1534835006.978,1534835459.705,23,982
0309,100,3,1534835006.978,1534835462.048,21,982
0310,100,3,1534835006.978,1534835462.049,21,982
0311,100,3,1534835006.978,1534835462.049,21,983
0312,100,3,1534835006.978,1534835462.049,21,982
0313,100,3,1534835006.978,1534835461.305,22,981
0314,100,3,1534835006.978,1534835461.306,22,982
0315,100,3,1534835006.978,1534835462.05,21,983
0316,100,3,1534835006.978,1534835462.05,21,983
0317,100,3,1534835006.978,1534835462.446,21,983
0318,100,3,1534835006.978,1534835464.505,20,982
0319,100,3,1534835006.978,1534835463.493,21,983
0320,100,3,1534835006.978,1534835464.505,21,982
0321,100,3,1534835006.978,1534835464.505,20,982
0322,100,3,1534835006.978,1534835463.494,21,983
0323,100,3,1534835006.978,1534835464.505,20,982
0324,100,3,1534835006.978,1534835464.505,20,981
0325,100,3,1534835006.978,1534835464.505,20,981
0326,100,3,1534835006.978,1534835464.961,20,981
0327,100,3,1534835006.978,1534835469.484,17,980
0328,100,3,1534835006.978,1534835471.701,16,980
0329,100,3,1534835006.978,1534835465.739,19,981
0330,100,3,1534835006.978,1534835465.739,19,981
0331,100,3,1534835006.978,1534835466.586,19,982
0332,100,3,1534835006.978,1534835466.586,19,982
0333,100,3,1534835006.978,1534835466.586,19,982
0334,100,3,1534835006.978,1534835466.587,18,982
0335,100,3,1534835006.978,1534835466.587,18,982
0336,100,3,1534835006.978,1534835466.587,18,982
0337,100,3,1534835006.978,1534835469.021,18,982
0338,100,3,1534835006.978,1534835469.021,18,982
0339,100,3,1534835006.978,1534835467.33,18,982
0340,100,3,1534835006.978,1534835468.194,18,982
0341,100,3,1534835006.978,1534835468.194,18,982
0342,100,3,1534835006.978,1534835469.021,18,982
0343,100,3,1534835006.978,1534835469.021,17,982
0344,100,3,1534835006.978,1534835469.021,17,982
0345,100,3,1534835006.978,1534835469.021,18,982
0346,100,3,1534835006.978,1534835471.243,17,981
0347,100,3,1534835006.978,1534835471.243,17,981
0348,100,3,1534835006.978,1534835470.361,17,981
0349,100,3,1534835006.978,1534835470.361,17,981
0350,100,3,1534835006.978,1534835471.243,17,981
0351,100,3,1534835006.978,1534835471.243,17,981
0352,100,3,1534835006.978,1534835471.243,17,981
0353,100,3,1534835006.978,1534835471.243,16,981
0354,100,3,1534835006.978,1534835473.84,15,981
0355,100,3,1534835006.978,1534835475.937,14,982
0356,100,3,1534835006.978,1534835473.368,15,981
0357,100,3,1534835006.978,1534835473.368,15,981
0358,100,3,1534835006.978,1534835472.533,16,981
0359,100,3,1534835006.978,1534835472.533,16,981
0360,100,3,1534835006.978,1534835473.368,15,982
0361,100,3,1534835006.978,1534835473.368,15,982
0362,100,3,1534835006.978,1534835473.368,15,982
0363,100,3,1534835006.978,1534835473.368,15,982
0364,100,3,1534835006.978,1534835480.569,10,981
0365,100,3,1534835006.978,1534835475.483,14,982
0366,100,3,1534835006.978,1534835474.629,14,982
0367,100,3,1534835006.978,1534835474.629,14,982
0368,100,3,1534835006.978,1534835475.484,14,982
0369,100,3,1534835006.978,1534835475.484,14,982
0370,100,3,1534835006.978,1534835475.485,14,982
0371,100,3,1534835006.978,1534835475.486,14,982
0372,100,3,1534835006.978,1534835475.486,14,982
0373,100,3,1534835006.978,1534835482.926,9,982
0374,100,3,1534835006.978,1534835477.758,13,982
0375,100,3,1534835006.978,1534835477.073,13,982
0376,100,3,1534835006.978,1534835477.073,14,982
0377,100,3,1534835006.978,1534835477.759,13,983
0378,100,3,1534835006.978,1534835477.759,13,983
0379,100,3,1534835006.978,1534835477.76,13,983
0380,100,3,1534835006.978,1534835477.76,13,983
0381,100,3,1534835006.978,1534835477.76,13,983
0382,100,3,1534835006.978,1534835485.384,8,983
0383,100,3,1534835006.978,1534835479.28,11,982
0384,100,3,1534835006.978,1534835479.28,12,982
0385,100,3,1534835006.978,1534835480.128,11,982
0386,100,3,1534835006.978,1534835480.128,10,981
0387,100,3,1534835006.978,1534835480.129,11,981
0388,100,3,1534835006.978,1534835480.129,11,981
0389,100,3,1534835006.978,1534835480.129,10,981
0390,100,3,1534835006.978,1534835480.13,10,981
0391,100,3,1534835006.978,1534835487.627,5,981
0392,100,3,1534835006.978,1534835489.715,3,981
0393,100,3,1534835006.978,1534835481.36,10,981
0394,100,3,1534835006.978,1534835481.36,10,982
0395,100,3,1534835006.978,1534835482.525,10,983
0396,100,3,1534835006.978,1534835482.526,9,982
0397,100,3,1534835006.978,1534835482.527,10,983
0398,100,3,1534835006.978,1534835482.527,10,983
0399,100,3,1534835006.978,1534835482.527,9,983
0400,100,3,1534835006.978,1534835482.528,9,983
0401,100,3,1534835006.978,1534835490.172,3,982
0402,100,3,1534835006.978,1534835483.409,8,982
0403,100,3,1534835006.978,1534835483.41,8,982
0404,100,3,1534835006.978,1534835484.931,8,981
0405,100,3,1534835006.978,1534835484.931,8,981
0406,100,3,1534835006.978,1534835484.931,7,982
0407,100,3,1534835006.978,1534835484.931,7,982
0408,100,3,1534835006.978,1534835484.931,8,981
0409,100,3,1534835006.978,1534835484.931,7,981
0410,100,3,1534835006.978,1534835485.79,7,983
0411,100,3,1534835006.978,1534835485.79,7,983
0412,100,3,1534835006.978,1534835487.145,5,982
0413,100,3,1534835006.978,1534835487.145,5,983
0414,100,3,1534835006.978,1534835487.145,5,983
0415,100,3,1534835006.978,1534835487.145,5,983
0416,100,3,1534835006.978,1534835487.145,5,982
0417,100,3,1534835006.978,1534835487.145,5,982
0418,100,3,1534835006.978,1534835487.877,4,983
0419,100,3,1534835006.978,1534835487.877,5,983
0420,100,3,1534835006.978,1534835490.173,3,982
0421,100,3,1534835006.978,1534835489.314,4,982
0422,100,3,1534835006.978,1534835489.314,3,982
0423,100,3,1534835006.978,1534835489.314,3,983
0424,100,3,1534835006.978,1534835489.314,3,983
0425,100,3,1534835006.978,1534835489.314,3,983
0426,100,3,1534835006.978,1534835489.314,3,983
0427,100,3,1534835006.978,1534835491.797,2,983
0428,100,4,1534835006.978,1534835663.071,0,971
0429,100,4,1534835006.978,1534835663.548,0,972
0430,100,3,1534835006.978,1534835491.402,3,983
0431,100,3,1534835006.978,1534835491.402,2,983
0432,100,3,1534835006.978,1534835491.402,2,983
0433,100,3,1534835006.978,1534835491.402,2,983
0434,100,3,1534835006.978,1534835491.402,2,983
0435,100,3,1534835006.978,1534835491.402,2,983
0436,100,4,1534835006.978,1534835665.928,0,977
0437,100,4,1534835006.978,1534835665.437,0,976
0438,100,4,1534835006.978,1534835665.438,0,976
0439,100,4,1534835006.978,1534835665.438,0,977
0440,100,4,1534835006.978,1534835664.517,0,975
0441,100,4,1534835006.978,1534835664.518,0,975
0442,100,4,1534835006.978,1534835665.438,0,977
0443,100,3,1534835006.978,1534835492.179,2,984
0444,100,4,1534835006.978,1534835666.981,0,981
0445,100,3,1534835006.978,1534835492.179,2,984
0446,100,4,1534835006.978,1534835659.78,0,966
0447,100,4,1534835006.978,1534835659.781,0,966
0448,100,4,1534835006.978,1534835660.931,0,968
0449,100,4,1534835006.978,1534835657.65,0,961
0450,100,4,1534835006.978,1534835657.65,0,960
0451,100,4,1534835006.978,1534835653.719,0,954
0452,100,4,1534835006.978,1534835653.719,0,956
0453,100,4,1534835006.978,1534835653.326,0,955
0454,100,4,1534835006.978,1534835651.606,0,954
0455,100,4,1534835006.978,1534835651.223,0,953
0456,100,4,1534835006.978,1534835653.721,0,959
0457,100,4,1534835006.978,1534835652.55,0,956
0458,100,4,1534835006.978,1534835652.107,0,955
0459,100,4,1534835006.978,1534835652.55,0,955
0460,100,4,1534835006.978,1534835653.721,0,958
0461,100,4,1534835006.978,1534835651.606,0,953
0462,100,4,1534835006.978,1534835651.606,0,953
0463,100,4,1534835006.978,1534835644.52,0,935
0464,100,4,1534835006.978,1534835644.52,0,935
0465,100,4,1534835006.978,1534835644.919,0,936
0466,100,4,1534835006.978,1534835644.919,0,936
0467,100,4,1534835006.978,1534835645.865,0,938
0468,100,4,1534835006.978,1534835645.865,0,935
0469,100,4,1534835006.978,1534835646.63,0,937
0470,100,4,1534835006.978,1534835646.631,0,937
0471,100,4,1534835006.978,1534835647.168,0,938
0472,100,4,1534835006.978,1534835636.904,0,912
0473,100,4,1534835006.978,1534835640.325,0,921
0474,100,4,1534835006.978,1534835640.325,0,921
0475,100,4,1534835006.978,1534835640.326,0,922
0476,100,4,1534835006.978,1534835636.906,0,913
0477,100,4,1534835006.978,1534835636.906,0,911
0478,100,4,1534835006.978,1534835640.326,0,920
0479,100,4,1534835006.978,1534835568.239,43,837
0480,100,4,1534835006.978,1534835590.155,34,833
0481,100,4,1534835006.978,1534835633.537,0,902
0482,100,4,1534835006.978,1534835635.785,0,908
0483,100,4,1534835006.978,1534835635.785,0,908
0484,100,4,1534835006.978,1534835633.538,0,901
0485,100,4,1534835006.978,1534835633.539,0,901
0486,100,4,1534835006.978,1534835633.539,0,900
0487,100,4,1534835006.978,1534835623.54,0,874
0488,100,4,1534835006.978,1534835623.54,0,874
0489,100,4,1534835006.978,1534835567.837,43,835
0490,100,4,1534835006.978,1534835570.148,42,834
0491,100,4,1534835006.978,1534835570.148,42,834
0492,100,4,1534835006.978,1534835569.749,43,834
0493,100,4,1534835006.978,1534835570.149,42,834
0494,100,4,1534835006.978,1534835569.75,42,834
0495,100,4,1534835006.978,1534835569.75,42,832
0496,100,4,1534835006.978,1534835569.751,42,832
0497,100,4,1534835006.978,1534835570.153,42,832
0498,100,4,1534835006.978,1534835572.085,41,832
0499,100,4,1534835006.978,1534835572.475,41,832
0500,100,4,1534835006.978,1534835572.475,41,832
0501,100,4,1534835006.978,1534835635.789,0,895
0502,100,4,1534835006.978,1534835635.79,0,895
0503,100,4,1534835006.978,1534835635.79,0,895
0504,100,4,1534835006.978,1534835638.034,0,902
0505,100,4,1534835006.978,1534835638.034,0,901
0506,100,4,1534835006.978,1534835638.035,0,901
0507,100,4,1534835006.978,1534835638.035,0,900
0508,100,4,1534835006.978,1534835639.189,0,904
0509,100,4,1534835006.978,1534835639.189,0,904
0510,100,4,1534835006.978,1534835639.189,0,904
0511,100,4,1534835006.978,1534835640.33,0,907
0512,100,4,1534835006.978,1534835640.331,0,907
0513,100,4,1534835006.978,1534835641.463,0,910
0514,100,4,1534835006.978,1534835641.463,0,910
0515,100,4,1534835006.978,1534835641.464,0,910
0516,100,4,1534835006.978,1534835642.613,0,913
0517,100,4,1534835006.978,1534835642.614,0,913
0518,100,4,1534835006.978,1534835649.271,0,927
0519,100,4,1534835006.978,1534835650.385,0,930
0520,100,4,1534835006.978,1534835650.386,0,930
0521,100,4,1534835006.978,1534835654.236,0,938
0522,100,4,1534835006.978,1534835654.735,0,939
0523,100,4,1534835006.978,1534835654.735,0,940
0524,100,4,1534835006.978,1534835655.538,0,940
0525,100,4,1534835006.978,1534835655.538,0,941
0526,100,4,1534835006.978,1534835656.369,0,941
0527,100,4,1534835006.978,1534835656.369,0,942
0528,100,4,1534835006.978,1534835656.369,0,942
0529,100,4,1534835006.978,1534835656.369,0,942
0530,100,4,1534835006.978,1534835656.369,0,943
0531,100,4,1534835006.978,1534835656.905,0,944
0532,100,4,1534835006.978,1534835656.905,0,944
0533,100,4,1534835006.978,1534835658.535,0,948
0534,100,4,1534835006.978,1534835659.083,0,950
0535,100,4,1534835006.978,1534835659.083,0,950
0536,100,4,1534835006.978,1534835658.535,0,950
0537,100,4,1534835006.978,1534835658.535,0,950
0538,100,4,1534835006.978,1534835658.535,0,950
0539,100,4,1534835006.978,1534835660.931,0,954
0540,100,4,1534835006.978,1534835660.931,0,954
0541,100,4,1534835006.978,1534835666.981,0,968
0542,100,4,1534835006.978,1534835660.931,0,954
0543,100,3,1534835006.978,1534835665.838,-1,968
0544,100,3,1534835006.978,1534835666.272,-1,970
0545,100,3,1534835006.978,1534835666.273,-1,970
0546,100,3,1534835006.978,1534835666.273,-1,970
0547,100,3,1534835006.978,1534835666.273,-1,970
0548,100,3,1534835006.978,1534835666.273,-1,970
0549,100,3,1534835006.978,1534835666.692,-1,971
0550,100,3,1534835006.978,1534835605.079,1,972
0551,100,3,1534835006.978,1534835605.079,1,972
0552,100,3,1534835006.978,1534835607.033,1,973
0553,100,3,1534835006.978,1534835607.034,1,974
0554,100,3,1534835006.978,1534835609.328,0,979
0555,100,3,1534835006.978,1534835609.329,0,978
0556,100,3,1534835006.978,1534835609.329,0,978
0557,100,3,1534835006.978,1534835609.33,0,978
0558,100,3,1534835006.978,1534835612.607,0,985
0559,100,3,1534835006.978,1534835612.607,0,985
0560,100,3,1534835006.978,1534835612.608,0,985
0561,100,3,1534835006.978,1534835613.734,0,988
0562,100,3,1534835006.978,1534835613.735,0,987
0563,100,3,1534835006.978,1534835613.735,0,988
0564,100,3,1534835006.978,1534835613.735,0,988
0565,100,3,1534835006.978,1534835613.736,0,988
0566,100,3,1534835006.978,1534835624.43,0,1010
0567,100,3,1534835006.978,1534835615.862,0,994
0568,100,3,1534835006.978,1534835615.864,0,994
0569,100,3,1534835006.978,1534835615.864,0,994
0570,100,3,1534835006.978,1534835613.736,0,989
0571,100,3,1534835006.978,1534835615.864,0,994
0572,100,3,1534835006.978,1534835615.864,0,994
0573,100,3,1534835006.978,1534835615.864,0,994
0574,100,3,1534835006.978,1534835624.431,0,1013
0575,100,3,1534835006.978,1534835624.432,0,1012
0576,100,3,1534835006.978,1534835624.433,0,1009
0577,100,3,1534835006.978,1534835624.434,0,1009
0578,100,3,1534835006.978,1534835624.435,0,1009
0579,100,3,1534835006.978,1534835626.933,0,1016
0580,100,3,1534835006.978,1534835626.933,0,1016
0581,100,3,1534835006.978,1534835631.425,0,1028
0582,100,3,1534835006.978,1534835631.425,0,1028
0583,100,3,1534835006.978,1534835631.425,0,1029
0584,100,3,1534835006.978,1534835633.542,0,1033
0585,100,3,1534835006.978,1534835635.791,0,1039
0586,100,3,1534835006.978,1534835638.035,0,1044
0587,100,3,1534835006.978,1534835638.036,0,1044
0588,100,3,1534835006.978,1534835642.614,0,1056
0589,100,3,1534835006.978,1534835642.614,0,1056
0590,100,2,1534835006.978,1534835647.168,0,1214
0591,100,2,1534835006.978,1534835647.168,0,1214
0592,100,2,1534835006.978,1534835647.168,0,1214
0593,100,2,1534835006.978,1534835647.919,0,1216
0594,100,2,1534835006.978,1534835649.272,0,1220
0595,100,2,1534835006.978,1534835651.606,0,1226
0596,100,2,1534835006.978,1534835658.535,0,1239
0597,100,2,1534835006.978,1534835660.931,0,1244
0598,100,1,1534835006.978,1534835171.238,1,1260
0599,100,2,1534835006.978,1534835664.978,0,1252
0600,100,1,1534835006.978,1534835171.239,1,1260
0601,100,3,1534835006.978,1534835665.449,0,1109
0602,100,2,1534835006.978,1534835563.627,1,1116
0603,100,1,1534835006.978,1534835169.041,1,1260
0604,100,1,1534835006.978,1534835168.645,2,1260
0605,100,1,1534835006.978,1534835169.041,1,1260
0606,100,1,1534835006.978,1534835169.041,1,1260
0607,100,1,1534835006.978,1534835169.041,1,1260
0608,100,1,1534835006.978,1534835169.041,1,1260
0609,100,1,1534835006.978,1534835169.041,1,1260
0610,100,1,1534835006.978,1534835169.041,1,1260
0611,100,1,1534835006.978,1534835169.041,1,1260
0612,100,1,1534835006.978,1534835166.744,7,1260
0613,100,1,1534835006.978,1534835166.361,8,1260
0614,100,1,1534835006.978,1534835166.744,7,1260
0615,100,1,1534835006.978,1534835166.744,7,1260
0616,100,1,1534835006.978,1534835166.744,7,1260
0617,100,1,1534835006.978,1534835166.744,6,1260
0618,100,1,1534835006.978,1534835166.744,6,1260
0619,100,1,1534835006.978,1534835166.744,7,1260
0620,100,1,1534835006.978,1534835166.744,6,1260
0621,100,1,1534835006.978,1534835164.414,12,1260
0622,100,1,1534835006.978,1534835164.035,13,1260
0623,100,1,1534835006.978,1534835164.414,12,1260
0624,100,1,1534835006.978,1534835164.414,12,1260
0625,100,1,1534835006.978,1534835164.414,12,1260
0626,100,1,1534835006.978,1534835164.414,12,1260
0627,100,1,1534835006.978,1534835164.414,12,1260
0628,100,1,1534835006.978,1534835164.414,12,1260
0629,100,1,1534835006.978,1534835164.414,12,1260
0630,100,1,1534835006.978,1534835162.213,16,1260
0631,100,1,1534835006.978,1534835162.214,16,1260
0632,100,1,1534835006.978,1534835162.214,16,1260
0633,100,1,1534835006.978,1534835162.215,15,1260
0634,100,1,1534835006.978,1534835162.217,16,1260
0635,100,1,1534835006.978,1534835162.217,16,1260
0636,100,1,1534835006.978,1534835162.217,15,1260
0637,100,1,1534835006.978,1534835162.218,15,1260
0638,100,3,1534835006.978,1534835452.365,28,983
0639,100,1,1534835006.978,1534835159.856,20,1260
0640,100,1,1534835006.978,1534835159.856,20,1260
0641,100,1,1534835006.978,1534835159.856,20,1260
0642,100,1,1534835006.978,1534835159.856,20,1260
0643,100,1,1534835006.978,1534835159.856,19,1260
0644,100,1,1534835006.978,1534835159.856,19,1260
0645,100,1,1534835006.978,1534835159.857,19,1260
0646,100,1,1534835006.978,1534835159.857,19,1260
0647,100,1,1534835006.978,1534835159.859,19,1260
0648,100,3,1534835006.978,1534835456.094,25,985
0649,100,1,1534835006.978,1534835157.651,23,1259
0650,100,1,1534835006.978,1534835157.651,22,1259
0651,100,1,1534835006.978,1534835157.651,22,1259
0652,100,1,1534835006.978,1534835157.651,23,1259
0653,100,1,1534835006.978,1534835157.651,22,1259
0654,100,1,1534835006.978,1534835157.651,22,1259
0655,100,1,1534835006.978,1534835157.651,22,1259
0656,100,1,1534835006.978,1534835157.651,22,1259
0657,100,1,1534835006.978,1534835157.651,22,1259
0658,100,1,1534835006.978,1534835155.33,27,1259
0659,100,1,1534835006.978,1534835155.33,28,1258
0660,100,1,1534835006.978,1534835155.33,27,1258
0661,100,1,1534835006.978,1534835155.33,27,1258
0662,100,1,1534835006.978,1534835155.33,27,1258
0663,100,1,1534835006.978,1534835155.33,27,1258
0664,100,1,1534835006.978,1534835155.33,27,1258
0665,100,1,1534835006.978,1534835155.33,27,1258
0666,100,1,1534835006.978,1534835155.33,27,1258
0667,100,1,1534835006.978,1534835152.994,33,1258
0668,100,1,1534835006.978,1534835152.994,33,1258
0669,100,1,1534835006.978,1534835152.994,33,1258
0670,100,1,1534835006.978,1534835152.994,33,1258
0671,100,1,1534835006.978,1534835152.994,33,1258
0672,100,1,1534835006.978,1534835152.994,33,1258
0673,100,1,1534835006.978,1534835152.994,33,1258
0674,100,1,1534835006.978,1534835152.994,33,1258
0675,100,1,1534835006.978,1534835152.994,33,1258
0676,100,1,1534835006.978,1534835150.697,38,1258
0677,100,1,1534835006.978,1534835150.697,38,1258
0678,100,1,1534835006.978,1534835150.697,38,1258
0679,100,1,1534835006.978,1534835150.697,38,1258
0680,100,1,1534835006.978,1534835150.697,38,1258
0681,100,1,1534835006.978,1534835150.697,38,1258
0682,100,1,1534835006.978,1534835150.697,37,1258
0683,100,1,1534835006.978,1534835150.697,37,1258
0684,100,1,1534835006.978,1534835148.408,41,1258
0685,100,1,1534835006.978,1534835148.408,41,1258
0686,100,1,1534835006.978,1534835148.408,41,1258
0687,100,1,1534835006.978,1534835148.408,41,1258
0688,100,1,1534835006.978,1534835148.408,41,1258
0689,100,1,1534835006.978,1534835148.408,41,1258
0690,100,1,1534835006.978,1534835148.408,41,1258
0691,100,1,1534835006.978,1534835148.408,40,1258
0692,100,1,1534835006.978,1534835146.087,43,1258
0693,100,1,1534835006.978,1534835146.087,44,1258
0694,100,1,1534835006.978,1534835146.087,44,1258
0695,100,1,1534835006.978,1534835146.087,43,1258
0696,100,1,1534835006.978,1534835146.087,43,1258
0697,100,1,1534835006.978,1534835146.087,43,1258
0698,100,1,1534835006.978,1534835146.087,43,1258
0699,100,1,1534835006.978,1534835146.087,43,1258
0700,100,1,1534835006.978,1534835146.087,43,1258
0701,100,1,1534835006.978,1534835148.408,40,1258
0702,100,1,1534835006.978,1534835143.823,44,1258
0703,100,1,1534835006.978,1534835143.823,45,1258
0704,100,1,1534835006.978,1534835143.823,44,1258
0705,100,1,1534835006.978,1534835143.823,44,1258
0706,100,1,1534835006.978,1534835143.823,44,1258
0707,100,1,1534835006.978,1534835143.823,44,1258
0708,100,1,1534835006.978,1534835143.823,44,1258
0709,100,1,1534835006.978,1534835143.823,44,1258
0710,100,1,1534835006.978,1534835143.823,44,1258
0711,100,1,1534835006.978,1534835141.636,45,1259
0712,100,1,1534835006.978,1534835141.636,45,1259
0713,100,1,1534835006.978,1534835141.637,45,1259
0714,100,1,1534835006.978,1534835141.637,45,1259
0715,100,1,1534835006.978,1534835141.637,45,1259
0716,100,1,1534835006.978,1534835141.638,45,1259
0717,100,1,1534835006.978,1534835141.638,45,1259
0718,100,1,1534835006.978,1534835141.638,45,1259
0719,100,1,1534835006.978,1534835141.639,45,1259
0720,100,1,1534835006.978,1534835150.697,37,1258
0721,100,1,1534835006.978,1534835139.385,46,1260
0722,100,1,1534835006.978,1534835139.385,46,1260
0723,100,1,1534835006.978,1534835139.385,46,1260
0724,100,1,1534835006.978,1534835139.387,46,1260
0725,100,1,1534835006.978,1534835139.387,46,1260
0726,100,1,1534835006.978,1534835139.387,46,1260
0727,100,1,1534835006.978,1534835139.387,46,1260
0728,100,1,1534835006.978,1534835139.388,46,1260
0729,100,1,1534835006.978,1534835139.389,46,1260
0730,100,1,1534835006.978,1534835137.125,47,1260
0731,100,1,1534835006.978,1534835137.125,47,1260
0732,100,1,1534835006.978,1534835137.125,47,1260
0733,100,1,1534835006.978,1534835137.125,47,1260
0734,100,1,1534835006.978,1534835137.125,47,1260
0735,100,1,1534835006.978,1534835137.125,47,1260
0736,100,1,1534835006.978,1534835137.125,47,1260
0737,100,1,1534835006.978,1534835137.125,47,1260
0738,100,1,1534835006.978,1534835137.125,46,1260
0739,100,1,1534835006.978,1534835134.773,48,1262
0740,100,1,1534835006.978,1534835134.774,48,1262
0741,100,1,1534835006.978,1534835134.774,48,1262
0742,100,1,1534835006.978,1534835134.774,48,1262
0743,100,1,1534835006.978,1534835134.774,48,1262
0744,100,1,1534835006.978,1534835134.774,47,1262
0745,100,1,1534835006.978,1534835134.774,48,1262
0746,100,1,1534835006.978,1534835134.774,48,1262
0747,100,1,1534835006.978,1534835134.774,47,1262
0748,100,1,1534835006.978,1534835132.376,49,1263
0749,100,1,1534835006.978,1534835132.378,49,1263
0750,100,1,1534835006.978,1534835132.379,49,1263
0751,100,1,1534835006.978,1534835132.38,49,1263
0752,100,1,1534835006.978,1534835132.38,49,1263
0753,100,1,1534835006.978,1534835132.38,48,1263
0754,100,1,1534835006.978,1534835132.381,48,1263
0755,100,1,1534835006.978,1534835132.381,49,1263
0756,100,1,1534835006.978,1534835130.247,50,1263
0757,100,1,1534835006.978,1534835130.247,50,1263
0758,100,1,1534835006.978,1534835130.248,50,1263
0759,100,1,1534835006.978,1534835130.248,49,1263
0760,100,1,1534835006.978,1534835130.248,50,1263
0761,100,1,1534835006.978,1534835130.249,50,1263
0762,100,1,1534835006.978,1534835130.249,49,1263
0763,100,1,1534835006.978,1534835130.25,49,1263
0764,100,1,1534835006.978,1534835130.25,49,1263
0765,100,1,1534835006.978,1534835132.382,48,1263
0766,100,1,1534835006.978,1534835128.17,51,1263
0767,100,1,1534835006.978,1534835128.171,51,1263
0768,100,1,1534835006.978,1534835128.171,50,1263
0769,100,1,1534835006.978,1534835128.171,51,1263
0770,100,1,1534835006.978,1534835128.172,51,1263
0771,100,1,1534835006.978,1534835128.172,50,1263
0772,100,1,1534835006.978,1534835128.172,50,1263
0773,100,1,1534835006.978,1534835128.173,50,1263
0774,100,1,1534835006.978,1534835128.173,50,1263
0775,100,1,1534835006.978,1534835126.071,52,1264
0776,100,1,1534835006.978,1534835126.071,52,1264
0777,100,1,1534835006.978,1534835126.071,52,1264
0778,100,1,1534835006.978,1534835126.072,51,1264
0779,100,1,1534835006.978,1534835126.072,51,1264
0780,100,1,1534835006.978,1534835126.073,51,1264
0781,100,1,1534835006.978,1534835126.073,51,1264
0782,100,1,1534835006.978,1534835126.073,51,1264
0783,100,1,1534835006.978,1534835126.074,51,1264
0784,100,1,1534835006.978,1534835123.875,53,1264
0785,100,1,1534835006.978,1534835123.875,52,1264
0786,100,1,1534835006.978,1534835123.876,52,1264
0787,100,1,1534835006.978,1534835123.877,53,1264
0788,100,1,1534835006.978,1534835123.877,52,1264
0789,100,1,1534835006.978,1534835123.877,52,1264
0790,100,1,1534835006.978,1534835123.878,52,1264
0791,100,1,1534835006.978,1534835123.879,52,1264
0792,100,1,1534835006.978,1534835121.692,54,1265
0793,100,1,1534835006.978,1534835121.693,53,1265
0794,100,1,1534835006.978,1534835121.693,53,1265
0795,100,1,1534835006.978,1534835121.693,53,1265
0796,100,1,1534835006.978,1534835121.694,53,1265
0797,100,1,1534835006.978,1534835121.694,53,1265
0798,100,1,1534835006.978,1534835121.695,53,1265
0799,100,1,1534835006.978,1534835121.695,53,1265
0800,100,1,1534835006.978,1534835121.695,53,1265
0801,100,1,1534835006.978,1534835119.44,54,1266
0802,100,1,1534835006.978,1534835119.441,54,1266
0803,100,1,1534835006.978,1534835119.441,54,1266
0804,100,1,1534835006.978,1534835119.441,54,1266
0805,100,1,1534835006.978,1534835119.442,54,1266
0806,100,1,1534835006.978,1534835119.442,54,1266
0807,100,1,1534835006.978,1534835119.443,54,1266
0808,100,1,1534835006.978,1534835119.443,54,1266
0809,100,1,1534835006.978,1534835119.443,54,1266
0810,100,1,1534835006.978,1534835123.879,52,1264
0811,100,1,1534835006.978,1534835117.124,55,1267
0812,100,1,1534835006.978,1534835117.124,55,1267
0813,100,1,1534835006.978,1534835117.124,55,1267
0814,100,1,1534835006.978,1534835117.124,55,1267
0815,100,1,1534835006.978,1534835117.124,55,1267
0816,100,1,1534835006.978,1534835117.124,55,1267
0817,100,1,1534835006.978,1534835117.124,55,1267
0818,100,1,1534835006.978,1534835117.124,55,1267
0819,100,1,1534835006.978,1534835117.124,55,1267
0820,100,1,1534835006.978,1534835114.654,56,1268
0821,100,1,1534835006.978,1534835114.654,56,1268
0822,100,1,1534835006.978,1534835114.654,56,1268
0823,100,1,1534835006.978,1534835114.654,56,1268
0824,100,1,1534835006.978,1534835114.654,56,1268
0825,100,1,1534835006.978,1534835114.654,56,1268
0826,100,1,1534835006.978,1534835114.654,56,1268
0827,100,1,1534835006.978,1534835114.654,56,1268
0828,100,1,1534835006.978,1534835114.654,55,1268
0829,100,1,1534835006.978,1534835112.203,57,1269
0830,100,1,1534835006.978,1534835112.204,57,1269
0831,100,1,1534835006.978,1534835112.204,57,1269
0832,100,1,1534835006.978,1534835112.204,57,1269
0833,100,1,1534835006.978,1534835112.204,57,1269
0834,100,1,1534835006.978,1534835112.204,57,1269
0835,100,1,1534835006.978,1534835112.204,56,1269
0836,100,1,1534835006.978,1534835112.204,56,1269
0837,100,1,1534835006.978,1534835112.204,57,1269
0838,100,1,1534835006.978,1534835109.876,58,1270
0839,100,1,1534835006.978,1534835109.876,58,1270
0840,100,1,1534835006.978,1534835109.876,58,1270
0841,100,1,1534835006.978,1534835109.876,58,1270
0842,100,1,1534835006.978,1534835109.876,57,1270
0843,100,1,1534835006.978,1534835109.876,58,1270
0844,100,1,1534835006.978,1534835109.876,58,1270
0845,100,1,1534835006.978,1534835109.876,57,1270
0846,100,1,1534835006.978,1534835107.507,59,1271
0847,100,1,1534835006.978,1534835107.507,59,1271
0848,100,1,1534835006.978,1534835107.507,59,1271
0849,100,1,1534835006.978,1534835107.507,58,1271
0850,100,1,1534835006.978,1534835107.507,59,1271
0851,100,1,1534835006.978,1534835107.507,59,1271
0852,100,1,1534835006.978,1534835107.507,58,1271
0853,100,1,1534835006.978,1534835107.507,58,1271
0854,100,1,1534835006.978,1534835107.507,58,1271
0855,100,1,1534835006.978,1534835105.033,60,1272
0856,100,1,1534835006.978,1534835105.033,60,1272
0857,100,1,1534835006.978,1534835105.033,59,1272
0858,100,1,1534835006.978,1534835105.033,60,1272
0859,100,1,1534835006.978,1534835105.033,60,1272
0860,100,1,1534835006.978,1534835105.033,59,1272
0861,100,1,1534835006.978,1534835105.033,59,1272
0862,100,1,1534835006.978,1534835105.033,59,1272
0863,100,1,1534835006.978,1534835105.033,59,1272
0864,100,1,1534835006.978,1534835109.876,57,1270
0865,100,1,1534835006.978,1534835102.607,61,1275
0866,100,1,1534835006.978,1534835102.608,61,1275
0867,100,1,1534835006.978,1534835102.608,60,1275
0868,100,1,1534835006.978,1534835102.609,61,1275
0869,100,1,1534835006.978,1534835102.609,60,1275
0870,100,1,1534835006.978,1534835102.61,60,1275
0871,100,1,1534835006.978,1534835102.61,60,1275
0872,100,1,1534835006.978,1534835102.61,60,1275
0873,100,1,1534835006.978,1534835102.611,60,1275
0874,100,1,1534835006.978,1534835100.585,62,1276
0875,100,1,1534835006.978,1534835100.586,62,1276
0876,100,1,1534835006.978,1534835100.587,61,1276
0877,100,1,1534835006.978,1534835100.588,61,1276
0878,100,1,1534835006.978,1534835100.589,61,1276
0879,100,1,1534835006.978,1534835100.59,61,1276
0880,100,1,1534835006.978,1534835100.591,61,1276
0881,100,1,1534835006.978,1534835100.591,61,1276
0882,100,1,1534835006.978,1534835098.515,63,1277
0883,100,1,1534835006.978,1534835098.515,62,1277
0884,100,1,1534835006.978,1534835098.516,62,1277
0885,100,1,1534835006.978,1534835098.516,62,1277
0886,100,1,1534835006.978,1534835098.517,62,1277
0887,100,1,1534835006.978,1534835098.517,62,1277
0888,100,1,1534835006.978,1534835098.517,62,1277
0889,100,1,1534835006.978,1534835098.518,62,1277
0890,100,1,1534835006.978,1534835098.518,62,1277
0891,100,1,1534835006.978,1534835100.592,61,1276
0892,100,1,1534835006.978,1534835096.418,63,1278
0893,100,1,1534835006.978,1534835096.419,63,1278
0894,100,1,1534835006.978,1534835096.419,63,1278
0895,100,1,1534835006.978,1534835096.42,63,1278
0896,100,1,1534835006.978,1534835096.42,63,1278
0897,100,1,1534835006.978,1534835096.421,63,1278
0898,100,1,1534835006.978,1534835096.421,63,1278
0899,100,1,1534835006.978,1534835096.421,63,1278
0900,100,1,1534835006.978,1534835096.422,63,1278
0901,100,1,1534835006.978,1534835094.254,64,1280
0902,100,1,1534835006.978,1534835094.255,64,1280
0903,100,1,1534835006.978,1534835094.255,64,1280
0904,100,1,1534835006.978,1534835094.255,64,1280
0905,100,1,1534835006.978,1534835094.256,64,1280
0906,100,1,1534835006.978,1534835094.256,64,1280
0907,100,1,1534835006.978,1534835094.257,64,1280
0908,100,1,1534835006.978,1534835094.257,64,1280
0909,100,1,1534835006.978,1534835094.257,64,1280
0910,100,1,1534835006.978,1534835092.094,65,1281
0911,100,1,1534835006.978,1534835092.095,65,1281
0912,100,1,1534835006.978,1534835092.095,65,1281
0913,100,1,1534835006.978,1534835092.096,65,1281
0914,100,1,1534835006.978,1534835092.096,65,1281
0915,100,1,1534835006.978,1534835092.096,65,1281
0916,100,1,1534835006.978,1534835092.097,65,1281
0917,100,1,1534835006.978,1534835092.097,65,1281
0918,100,1,1534835006.978,1534835089.937,66,1283
0919,100,1,1534835006.978,1534835089.937,66,1283
0920,100,1,1534835006.978,1534835089.938,66,1283
0921,100,1,1534835006.978,1534835089.939,66,1283
0922,100,1,1534835006.978,1534835089.939,66,1283
0923,100,1,1534835006.978,1534835089.94,66,1283
0924,100,1,1534835006.978,1534835089.941,65,1283
0925,100,1,1534835006.978,1534835089.941,66,1283
0926,100,1,1534835006.978,1534835089.942,65,1283
0927,100,1,1534835006.978,1534835092.098,64,1281
0928,100,1,1534835006.978,1534835087.721,67,1285
0929,100,1,1534835006.978,1534835087.721,67,1285
0930,100,1,1534835006.978,1534835087.722,67,1285
0931,100,1,1534835006.978,1534835087.722,67,1285
0932,100,1,1534835006.978,1534835087.723,67,1285
0933,100,1,1534835006.978,1534835087.723,67,1285
0934,100,1,1534835006.978,1534835087.723,66,1285
0935,100,1,1534835006.978,1534835087.724,66,1285
0936,100,1,1534835006.978,1534835085.469,68,1287
0937,100,1,1534835006.978,1534835085.47,68,1287
0938,100,1,1534835006.978,1534835085.47,68,1287
0939,100,1,1534835006.978,1534835085.47,67,1287
0940,100,1,1534835006.978,1534835085.471,68,1287
0941,100,1,1534835006.978,1534835085.471,68,1287
0942,100,1,1534835006.978,1534835085.472,67,1287
0943,100,1,1534835006.978,1534835085.472,67,1287
0944,100,1,1534835006.978,1534835085.473,67,1287
0945,100,1,1534835006.978,1534835083.185,69,1289
0946,100,1,1534835006.978,1534835083.185,69,1289
0947,100,1,1534835006.978,1534835083.186,69,1289
0948,100,1,1534835006.978,1534835083.186,69,1289
0949,100,1,1534835006.978,1534835083.187,68,1289
0950,100,1,1534835006.978,1534835083.187,68,1289
0951,100,1,1534835006.978,1534835083.188,68,1289
0952,100,1,1534835006.978,1534835083.188,68,1289
0953,100,1,1534835006.978,1534835083.189,68,1289
0954,100,1,1534835006.978,1534835087.725,66,1285
0955,100,1,1534835006.978,1534835080.912,70,1291
0956,100,1,1534835006.978,1534835080.912,70,1291
0957,100,1,1534835006.978,1534835080.913,70,1291
0958,100,1,1534835006.978,1534835080.913,69,1291
0959,100,1,1534835006.978,1534835080.914,69,1291
0960,100,1,1534835006.978,1534835080.914,69,1291
0961,100,1,1534835006.978,1534835080.914,69,1291
0962,100,1,1534835006.978,1534835080.915,69,1291
0963,100,1,1534835006.978,1534835080.915,69,1291
0964,100,1,1534835006.978,1534835078.516,71,1292
0965,100,1,1534835006.978,1534835078.516,71,1292
0966,100,1,1534835006.978,1534835078.516,70,1292
0967,100,1,1534835006.978,1534835078.516,70,1292
0968,100,1,1534835006.978,1534835078.516,70,1292
0969,100,1,1534835006.978,1534835078.516,70,1292
0970,100,1,1534835006.978,1534835078.516,70,1292
0971,100,1,1534835006.978,1534835078.516,70,1292
0972,100,1,1534835006.978,1534835076.104,72,1293
0973,100,1,1534835006.978,1534835076.104,71,1293
0974,100,1,1534835006.978,1534835076.104,71,1293
0975,100,1,1534835006.978,1534835076.104,71,1293
0976,100,1,1534835006.978,1534835076.104,71,1293
0977,100,1,1534835006.978,1534835076.104,71,1293
0978,100,1,1534835006.978,1534835076.104,71,1293
0979,100,1,1534835006.978,1534835076.104,71,1293
0980,100,1,1534835006.978,1534835076.104,71,1293
0981,100,1,1534835006.978,1534835078.516,70,1292
0982,100,1,1534835006.978,1534835073.719,72,1294
0983,100,1,1534835006.978,1534835073.719,72,1294
0984,100,1,1534835006.978,1534835073.72,72,1294
0985,100,1,1534835006.978,1534835073.72,72,1294
0986,100,1,1534835006.978,1534835073.721,72,1294
0987,100,1,1534835006.978,1534835073.721,72,1294
0988,100,1,1534835006.978,1534835073.721,72,1294
0989,100,1,1534835006.978,1534835073.722,72,1294
0990,100,1,1534835006.978,1534835071.465,73,1295
0991,100,1,1534835006.978,1534835071.465,73,1295
0992,100,1,1534835006.978,1534835071.466,73,1295
0993,100,1,1534835006.978,1534835071.466,73,1295
0994,100,1,1534835006.978,1534835071.466,73,1295
0995,100,1,1534835006.978,1534835071.467,73,1295
0996,100,1,1534835006.978,1534835071.467,73,1295
0997,100,1,1534835006.978,1534835071.468,73,1295
0998,100,1,1534835006.978,1534835071.469,73,1295
0999,100,1,1534835006.978,1534835073.722,72,1294
1000,100,1,1534835006.978,1534835161.865,16,1259
