0001,100,3,1535254873.940302,1535255431.417865,25,1210
0002,100,3,1535254873.940302,1535255431.417887,24,1210
0003,100,3,1535254873.940302,1535255432.346494,24,1209
0004,100,3,1535254873.940302,1535255432.346514,24,1208
0005,100,3,1535254873.940302,1535255433.473165,24,1208
0006,100,3,1535254873.940302,1535255433.473189,24,1209
0007,100,3,1535254873.940302,1535255434.354978,23,1205
0008,100,3,1535254873.940302,1535255434.35501,23,1205
0009,100,3,1535254873.940302,1535255435.517327,23,1199
0010,100,3,1535254873.940302,1535255471.316812,7,818
0011,100,3,1535254873.940302,1535255471.316826,7,819
0012,100,3,1535254873.940302,1535255472.93721,6,814
0013,100,3,1535254873.940302,1535255472.937221,6,815
0014,100,3,1535254873.940302,1535255472.937229,6,815
0015,100,3,1535254873.940302,1535255470.934157,7,820
0016,100,3,1535254873.940302,1535255470.473562,7,823
0017,100,3,1535254873.940302,1535255470.328421,7,825
0018,100,3,1535254873.940302,1535255470.93417,7,822
0019,100,3,1535254873.940302,1535255469.309026,8,822
0020,100,3,1535254873.940302,1535255469.309038,8,822
0021,100,3,1535254873.940302,1535255470.934179,7,820
0022,100,3,1535254873.940302,1535255470.934188,7,820
0023,100,3,1535254873.940302,1535255470.934197,7,820
0024,100,3,1535254873.940302,1535255468.795887,8,825
0025,100,3,1535254873.940302,1535255468.472242,8,827
0026,100,3,1535254873.940302,1535255468.327559,8,826
0027,100,3,1535254873.940302,1535255468.7959,8,826
0028,100,3,1535254873.940302,1535255467.238211,9,825
0029,100,3,1535254873.940302,1535255466.796315,9,825
0030,100,3,1535254873.940302,1535255467.238223,8,825
0031,100,3,1535254873.940302,1535255468.795909,8,825
0032,100,3,1535254873.940302,1535255468.795918,8,825
0033,100,3,1535254873.940302,1535255466.658131,9,825
0034,100,3,1535254873.940302,1535255466.381966,9,825
0035,100,3,1535254873.940302,1535255466.322768,9,824
0036,100,3,1535254873.940302,1535255466.658589,9,825
0037,100,3,1535254873.940302,1535255465.110481,9,825
0038,100,3,1535254873.940302,1535255464.707709,10,825
0039,100,3,1535254873.940302,1535255465.110801,9,825
0040,100,3,1535254873.940302,1535255466.658897,9,825
0041,100,3,1535254873.940302,1535255464.652374,10,823
0042,100,3,1535254873.940302,1535255464.277597,10,824
0043,100,3,1535254873.940302,1535255464.142167,10,822
0044,100,3,1535254873.940302,1535255464.652387,10,820
0045,100,3,1535254873.940302,1535255463.101841,10,821
0046,100,3,1535254873.940302,1535255462.699437,10,823
0047,100,3,1535254873.940302,1535255463.101856,10,823
0048,100,3,1535254873.940302,1535255464.652397,10,823
0049,100,3,1535254873.940302,1535255464.652406,10,823
0050,100,3,1535254873.940302,1535255462.567628,11,822
0051,100,3,1535254873.940302,1535255462.180259,11,819
0052,100,3,1535254873.940302,1535255462.567644,11,816
0053,100,3,1535254873.940302,1535255462.567654,11,815
0054,100,3,1535254873.940302,1535255460.666277,11,812
0055,100,3,1535254873.940302,1535255461.039436,11,818
0056,100,3,1535254873.940302,1535255461.039457,11,818
0057,100,3,1535254873.940302,1535255460.544761,12,817
0058,100,3,1535254873.940302,1535255462.567663,11,821
0059,100,3,1535254873.940302,1535255460.081244,12,818
0060,100,3,1535254873.940302,1535255479.210736,-1,442
0061,100,3,1535254873.940302,1535255479.210187,-1,442
0062,100,3,1535254873.940302,1535255466.659391,9,816
0063,100,3,1535254873.940302,1535255458.993559,12,810
0064,100,3,1535254873.940302,1535255458.993574,12,811
0065,100,3,1535254873.940302,1535255472.937237,6,815
0066,100,3,1535254873.940302,1535255472.937245,6,815
0067,100,3,1535254873.940302,1535255458.501458,13,816
0068,100,3,1535254873.940302,1535255458.501605,12,816
0069,100,3,1535254873.940302,1535255458.501887,12,810
0070,100,3,1535254873.940302,1535255477.120938,-1,426
0071,100,3,1535254873.940302,1535255477.121306,-1,426
0072,100,3,1535254873.940302,1535255477.121718,-1,427
0073,100,3,1535254873.940302,1535255479.212036,-1,440
0074,100,3,1535254873.940302,1535255479.21097,-1,440
0075,100,3,1535254873.940302,1535255479.211604,-1,440
0076,100,3,1535254873.940302,1535255502.218338,-1,604
0077,100,3,1535254873.940302,1535255506.764456,-1,622
0078,100,3,1535254873.940302,1535255477.122062,-1,428
0079,100,3,1535254873.940302,1535255477.124497,-1,428
0080,100,3,1535254873.940302,1535255493.342977,0,546
0081,100,3,1535254873.940302,1535255493.468913,0,548
0082,100,3,1535254873.940302,1535255492.705856,0,542
0083,100,3,1535254873.940302,1535255506.764689,-1,628
0084,100,3,1535254873.940302,1535255510.959763,-1,651
0085,100,3,1535254873.940302,1535255420.030325,29,809
0086,100,3,1535254873.940302,1535255419.74098,29,810
0087,100,3,1535254873.940302,1535255493.468924,0,547
0088,100,3,1535254873.940302,1535255491.812951,0,538
0089,100,3,1535254873.940302,1535255491.813138,0,539
0090,100,3,1535254873.940302,1535255493.468932,0,547
0091,100,3,1535254873.940302,1535255493.46894,0,547
0092,100,3,1535254873.940302,1535255421.010847,29,810
0093,100,3,1535254873.940302,1535255491.437612,0,537
0094,100,3,1535254873.940302,1535255421.228857,29,810
0095,100,3,1535254873.940302,1535255435.517339,23,796
0096,100,3,1535254873.940302,1535255435.784063,23,794
0097,100,3,1535254873.940302,1535255444.136854,19,814
0098,100,3,1535254873.940302,1535255444.136964,19,814
0099,100,3,1535254873.940302,1535255491.312154,0,534
0100,100,3,1535254873.940302,1535255490.874166,0,531
0101,100,3,1535254873.940302,1535255451.99991,16,1280
0102,100,3,1535254873.940302,1535255458.07064,13,1285
0103,100,3,1535254873.940302,1535255473.31729,6,1288
0104,100,3,1535254873.940302,1535255473.317321,6,1289
0105,100,3,1535254873.940302,1535255474.937356,0,1297
0106,100,2,1535254873.940302,1535255475.183803,-1,1314
0107,100,2,1535254873.940302,1535255475.184008,-1,1315
0108,100,2,1535254873.940302,1535255475.184211,-1,1315
0109,100,2,1535254873.940302,1535255475.184415,-1,1315
0110,100,2,1535254873.940302,1535255475.184643,-1,1316
0111,100,2,1535254873.940302,1535255475.184846,-1,1317
0112,100,2,1535254873.940302,1535255475.185119,-1,1315
0113,100,2,1535254873.940302,1535255475.18534,-1,1315
0114,100,2,1535254873.940302,1535255475.185546,-1,1312
0115,100,2,1535254873.940302,1535255475.18575,-1,1317
0116,100,2,1535254873.940302,1535255475.185983,-1,1318
0117,100,2,1535254873.940302,1535255475.186514,-1,1318
0118,100,2,1535254873.940302,1535255475.186971,-1,1318
0119,100,2,1535254873.940302,1535255475.187267,-1,1317
0120,100,2,1535254873.940302,1535255475.187476,-1,1318
0121,100,2,1535254873.940302,1535255475.18768,-1,1317
0122,100,2,1535254873.940302,1535255475.187884,-1,1317
0123,100,2,1535254873.940302,1535255475.188109,-1,1317
0124,100,2,1535254873.940302,1535255475.188329,-1,1318
0125,100,2,1535254873.940302,1535255475.188881,-1,1317
0126,100,2,1535254873.940302,1535255475.189749,-1,1317
0127,100,2,1535254873.940302,1535255475.190068,-1,1318
0128,100,2,1535254873.940302,1535255475.190344,-1,1319
0129,100,2,1535254873.940302,1535255475.190589,-1,1321
0130,100,2,1535254873.940302,1535255475.190822,-1,1317
0131,100,2,1535254873.940302,1535255475.191076,-1,1312
0132,100,3,1535254873.940302,1535255477.420046,0,880
0133,100,3,1535254873.940302,1535255477.420357,0,880
0134,100,2,1535254873.940302,1535255475.19132,-1,1313
0135,100,2,1535254873.940302,1535255475.19154,-1,1320
0136,100,3,1535254873.940302,1535255478.49932,0,887
0137,100,3,1535254873.940302,1535255479.516592,0,896
0138,100,3,1535254873.940302,1535255478.653077,0,888
0139,100,3,1535254873.940302,1535255479.092097,-1,896
0140,100,3,1535254873.940302,1535255480.727592,0,903
0141,100,3,1535254873.940302,1535255479.12484,0,896
0142,100,3,1535254873.940302,1535255478.998353,0,894
0143,100,3,1535254873.940302,1535255479.125316,0,893
0144,100,3,1535254873.940302,1535255479.125628,0,893
0145,100,3,1535254873.940302,1535255477.120657,0,891
0146,100,3,1535254873.940302,1535255477.120675,0,894
0147,100,3,1535254873.940302,1535255477.120684,0,891
0148,100,3,1535254873.940302,1535255477.120693,0,889
0149,100,2,1535254873.940302,1535255475.302588,-1,894
0150,100,2,1535254873.940302,1535255475.309127,-1,889
0151,100,2,1535254873.940302,1535255475.320015,-1,893
0152,100,3,1535254873.940302,1535255479.126008,0,895
0153,100,3,1535254873.940302,1535255481.089362,0,909
0154,100,2,1535254873.940302,1535255475.191759,-1,888
0155,100,3,1535254873.940302,1535255481.47946,0,911
0156,100,2,1535254873.940302,1535255475.191976,-1,888
0157,100,2,1535254873.940302,1535255475.192194,-1,888
0158,100,2,1535254873.940302,1535255475.19242,-1,888
0159,100,2,1535254873.940302,1535255475.192641,-1,888
0160,100,2,1535254873.940302,1535255475.192859,-1,888
0161,100,3,1535254873.940302,1535255481.214409,0,909
0162,100,3,1535254873.940302,1535255481.214693,0,910
0163,100,2,1535254873.940302,1535255475.193079,-1,887
0164,100,2,1535254873.940302,1535255475.193297,-1,887
0165,100,2,1535254873.940302,1535255475.193516,-1,887
0166,100,2,1535254873.940302,1535255475.193732,-1,887
0167,100,2,1535254873.940302,1535255475.19395,-1,887
0168,100,3,1535254873.940302,1535255476.995837,0,887
0169,100,2,1535254873.940302,1535255475.194407,-1,887
0170,100,2,1535254873.940302,1535255475.194735,-1,887
0171,100,2,1535254873.940302,1535255475.195187,-1,887
0172,100,2,1535254873.940302,1535255475.195413,-1,886
0173,100,2,1535254873.940302,1535255475.195654,-1,886
0174,100,2,1535254873.940302,1535255475.264164,-1,886
0175,100,2,1535254873.940302,1535255475.264413,-1,886
0176,100,2,1535254873.940302,1535255475.264635,-1,886
0177,100,2,1535254873.940302,1535255475.264883,-1,885
0178,100,2,1535254873.940302,1535255475.265356,-1,884
0179,100,2,1535254873.940302,1535255475.265797,-1,886
0180,100,2,1535254873.940302,1535255475.266244,-1,886
0181,100,2,1535254873.940302,1535255475.266661,-1,884
0182,100,2,1535254873.940302,1535255475.267056,-1,887
0183,100,2,1535254873.940302,1535255475.267444,-1,883
0184,100,2,1535254873.940302,1535255475.267699,-1,883
0185,100,2,1535254873.940302,1535255475.286023,-1,884
0186,100,2,1535254873.940302,1535255475.286421,-1,885
0187,100,2,1535254873.940302,1535255475.286665,-1,885
0188,100,2,1535254873.940302,1535255475.286885,-1,888
0189,100,2,1535254873.940302,1535255475.287132,-1,888
0190,100,2,1535254873.940302,1535255475.287457,-1,885
0191,100,2,1535254873.940302,1535255475.287776,-1,885
0192,100,2,1535254873.940302,1535255475.288186,-1,885
0193,100,2,1535254873.940302,1535255475.288649,-1,885
0194,100,2,1535254873.940302,1535255475.288897,-1,885
0195,100,2,1535254873.940302,1535255475.289141,-1,885
0196,100,2,1535254873.940302,1535255475.289379,-1,885
0197,100,2,1535254873.940302,1535255475.28969,-1,1321
0198,100,2,1535254873.940302,1535255475.289983,-1,1321
0199,100,2,1535254873.940302,1535255475.294401,-1,880
0200,100,2,1535254873.940302,1535255475.294644,-1,880
0201,100,2,1535254873.940302,1535255475.294868,-1,880
0202,100,2,1535254873.940302,1535255475.320224,-1,887
0203,100,2,1535254873.940302,1535255475.32044,-1,887
0204,100,2,1535254873.940302,1535255475.342838,-1,888
0205,100,2,1535254873.940302,1535255475.343625,-1,884
0206,100,2,1535254873.940302,1535255475.41991,-1,884
0207,100,2,1535254873.940302,1535255475.420748,-1,886
0208,100,2,1535254873.940302,1535255475.420957,-1,883
0209,100,2,1535254873.940302,1535255475.421162,-1,885
0210,100,2,1535254873.940302,1535255475.720531,-1,887
0211,100,2,1535254873.940302,1535255475.720788,-1,886
0212,100,2,1535254873.940302,1535255475.721158,-1,886
0213,100,2,1535254873.940302,1535255476.500266,-1,888
0214,100,2,1535254873.940302,1535255476.500593,-1,890
0215,100,2,1535254873.940302,1535255476.500829,-1,893
0216,100,2,1535254873.940302,1535255476.501055,-1,893
0217,100,2,1535254873.940302,1535255476.632136,-1,891
0218,100,2,1535254873.940302,1535255476.632342,-1,889
0219,100,2,1535254873.940302,1535255415.062198,6,1271
0220,100,2,1535254873.940302,1535255415.062401,6,1271
0221,100,2,1535254873.940302,1535255415.061363,5,1272
0222,100,2,1535254873.940302,1535255415.060956,5,1272
0223,100,2,1535254873.940302,1535255415.06116,5,1271
0224,100,2,1535254873.940302,1535255415.062604,5,1271
0225,100,2,1535254873.940302,1535255415.062875,5,1271
0226,100,2,1535254873.940302,1535255415.072514,5,1270
0227,100,2,1535254873.940302,1535255415.072826,5,1270
0228,100,2,1535254873.940302,1535255415.073049,5,1269
0229,100,2,1535254873.940302,1535255415.073729,5,1268
0230,100,2,1535254873.940302,1535255415.059248,5,1269
0231,100,2,1535254873.940302,1535255415.058808,4,1265
0232,100,2,1535254873.940302,1535255415.074324,4,1266
0233,100,2,1535254873.940302,1535255415.045649,4,1269
0234,100,3,1535254873.940302,1535255421.011441,29,1241
0235,100,3,1535254873.940302,1535255422.092266,28,1235
0236,100,3,1535254873.940302,1535255421.749299,28,1236
0237,100,3,1535254873.940302,1535255424.104964,27,1233
0238,100,3,1535254873.940302,1535255423.13503,28,1232
0239,100,3,1535254873.940302,1535255423.135092,28,1233
0240,100,3,1535254873.940302,1535255421.228868,28,1230
0241,100,3,1535254873.940302,1535255444.638048,18,1249
0242,100,3,1535254873.940302,1535255445.803373,18,1253
0243,100,3,1535254873.940302,1535255446.716041,18,1257
0244,100,3,1535254873.940302,1535255446.716052,17,1252
0245,100,3,1535254873.940302,1535255444.14809,19,1246
0246,100,3,1535254873.940302,1535255444.148122,19,1246
0247,100,3,1535254873.940302,1535255442.536952,19,1240
0248,100,3,1535254873.940302,1535255444.148138,19,1246
0249,100,3,1535254873.940302,1535255444.638079,18,1245
0250,100,3,1535254873.940302,1535255445.803384,18,1241
0251,100,3,1535254873.940302,1535255441.631477,20,1239
0252,100,3,1535254873.940302,1535255441.633681,20,1239
0253,100,3,1535254873.940302,1535255442.088369,20,1237
0254,100,3,1535254873.940302,1535255442.08839,20,1237
0255,100,3,1535254873.940302,1535255442.088406,20,1236
0256,100,3,1535254873.940302,1535255440.50957,20,1233
0257,100,3,1535254873.940302,1535255442.088422,20,1237
0258,100,3,1535254873.940302,1535255442.088438,19,1229
0259,100,3,1535254873.940302,1535255447.869354,17,1235
0260,100,3,1535254873.940302,1535255439.838133,21,1233
0261,100,3,1535254873.940302,1535255439.838493,21,1233
0262,100,3,1535254873.940302,1535255439.838652,21,1225
0263,100,3,1535254873.940302,1535255439.616846,21,1224
0264,100,3,1535254873.940302,1535255439.616928,21,1223
0265,100,3,1535254873.940302,1535255438.497752,21,1223
0266,100,3,1535254873.940302,1535255439.838981,20,1224
0267,100,3,1535254873.940302,1535255439.839223,20,1223
0268,100,3,1535254873.940302,1535255447.869385,17,1234
0269,100,3,1535254873.940302,1535255437.52686,22,1224
0270,100,3,1535254873.940302,1535255437.52738,22,1224
0271,100,2,1535254873.940302,1535255475.295089,-1,881
0272,100,3,1535254873.940302,1535255437.826155,22,1251
0273,100,3,1535254873.940302,1535255437.826167,22,1222
0274,100,2,1535254873.940302,1535255415.040016,4,1684
0275,100,2,1535254873.940302,1535255475.295308,-1,1322
0276,100,2,1535254873.940302,1535255475.295528,-1,1323
0277,100,2,1535254873.940302,1535255475.295803,-1,1329
0278,100,2,1535254873.940302,1535255415.030148,4,1683
0279,100,2,1535254873.940302,1535255475.296079,-1,1329
0280,100,3,1535254873.940302,1535255437.826176,21,1221
0281,100,3,1535254873.940302,1535255436.436915,22,1219
0282,100,3,1535254873.940302,1535255437.826185,21,1221
0283,100,3,1535254873.940302,1535255437.826193,21,1221
0284,100,3,1535254873.940302,1535255438.49777,21,1221
0285,100,2,1535254873.940302,1535255415.018541,4,1682
0286,100,2,1535254873.940302,1535255475.296379,-1,1290
0287,100,3,1535254873.940302,1535255481.21813,0,870
0288,100,3,1535254873.940302,1535255481.218545,0,871
0289,100,2,1535254873.940302,1535255415.020414,4,1680
0290,100,2,1535254873.940302,1535255415.022869,4,1681
0291,100,2,1535254873.940302,1535255415.023652,4,1681
0292,100,2,1535254873.940302,1535255415.025168,4,1680
0293,100,2,1535254873.940302,1535255415.025683,3,1681
0294,100,3,1535254873.940302,1535255482.743102,0,881
0295,100,3,1535254873.940302,1535255483.096162,0,885
0296,100,3,1535254873.940302,1535255483.246394,0,885
0297,100,3,1535254873.940302,1535255483.246407,0,885
0298,100,3,1535254873.940302,1535255483.57031,0,891
0299,100,3,1535254873.940302,1535255483.570351,0,891
0300,100,3,1535254873.940302,1535255484.520324,0,898
0301,100,3,1535254873.940302,1535255495.869751,0,966
0302,100,3,1535254873.940302,1535255495.869762,0,965
0303,100,3,1535254873.940302,1535255503.719775,0,1017
0304,100,3,1535254873.940302,1535255505.197093,0,1024
0305,100,3,1535254873.940302,1535255512.243278,0,1069
0306,100,2,1535254873.940302,1535255475.087119,-1,1251
0307,100,2,1535254873.940302,1535255475.087343,-1,1253
0308,100,2,1535254873.940302,1535255475.087563,-1,1253
0309,100,2,1535254873.940302,1535255475.087784,-1,1253
0310,100,2,1535254873.940302,1535255475.088003,-1,1254
0311,100,2,1535254873.940302,1535255475.08822,-1,1252
0312,100,2,1535254873.940302,1535255475.088473,-1,1252
0313,100,2,1535254873.940302,1535255475.088691,-1,1252
0314,100,2,1535254873.940302,1535255475.088909,-1,1253
0315,100,2,1535254873.940302,1535255475.089127,-1,1252
0316,100,2,1535254873.940302,1535255475.089413,-1,1252
0317,100,2,1535254873.940302,1535255475.08969,-1,1252
0318,100,2,1535254873.940302,1535255475.090025,-1,1252
0319,100,2,1535254873.940302,1535255475.090473,-1,1252
0320,100,3,1535254873.940302,1535255435.78408,22,1219
0321,100,2,1535254873.940302,1535255475.090732,-1,1254
0322,100,2,1535254873.940302,1535255475.091034,-1,1254
0323,100,2,1535254873.940302,1535255475.091276,-1,1254
0324,100,2,1535254873.940302,1535255475.091503,-1,1254
0325,100,2,1535254873.940302,1535255475.091725,-1,1254
0326,100,2,1535254873.940302,1535255475.091945,-1,1254
0327,100,2,1535254873.940302,1535255475.092165,-1,1254
0328,100,2,1535254873.940302,1535255475.092472,-1,1254
0329,100,2,1535254873.940302,1535255475.092693,-1,1254
0330,100,2,1535254873.940302,1535255475.09295,-1,1254
0331,100,2,1535254873.940302,1535255475.093186,-1,1254
0332,100,2,1535254873.940302,1535255475.093406,-1,1252
0333,100,2,1535254873.940302,1535255475.093713,-1,1249
0334,100,2,1535254873.940302,1535255475.094148,-1,1252
0335,100,2,1535254873.940302,1535255475.094409,-1,1252
0336,100,2,1535254873.940302,1535255475.094626,-1,1252
0337,100,2,1535254873.940302,1535255475.094829,-1,1252
0338,100,3,1535254873.940302,1535255435.78409,22,1217
0339,100,2,1535254873.940302,1535255475.095137,-1,1249
0340,100,2,1535254873.940302,1535255475.095545,-1,1249
0341,100,2,1535254873.940302,1535255475.09638,-1,1249
0342,100,2,1535254873.940302,1535255475.097412,-1,1249
0343,100,2,1535254873.940302,1535255475.097876,-1,1249
0344,100,2,1535254873.940302,1535255475.098112,-1,1249
0345,100,2,1535254873.940302,1535255475.098476,-1,1249
0346,100,2,1535254873.940302,1535255475.09889,-1,1249
0347,100,3,1535254873.940302,1535255435.784098,22,1217
0348,100,2,1535254873.940302,1535255475.099293,-1,1250
0349,100,2,1535254873.940302,1535255475.111316,-1,1251
0350,100,2,1535254873.940302,1535255475.111627,-1,1250
0351,100,2,1535254873.940302,1535255475.111834,-1,1253
0352,100,2,1535254873.940302,1535255475.112065,-1,1252
0353,100,2,1535254873.940302,1535255475.112291,-1,1252
0354,100,2,1535254873.940302,1535255475.112495,-1,1252
0355,100,2,1535254873.940302,1535255475.117954,-1,1253
0356,100,2,1535254873.940302,1535255475.119302,-1,1252
0357,100,2,1535254873.940302,1535255475.119545,-1,1253
0358,100,2,1535254873.940302,1535255475.120196,-1,1253
0359,100,2,1535254873.940302,1535255475.120398,-1,1254
0360,100,2,1535254873.940302,1535255475.12065,-1,1254
0361,100,2,1535254873.940302,1535255475.120894,-1,1253
0362,100,2,1535254873.940302,1535255475.121097,-1,1253
0363,100,2,1535254873.940302,1535255475.121299,-1,1253
0364,100,2,1535254873.940302,1535255475.121503,-1,1253
0365,100,2,1535254873.940302,1535255475.121705,-1,1253
0366,100,2,1535254873.940302,1535255475.121907,-1,1254
0367,100,2,1535254873.940302,1535255475.122143,-1,1254
0368,100,2,1535254873.940302,1535255475.122346,-1,1253
0369,100,2,1535254873.940302,1535255475.122549,-1,1253
0370,100,2,1535254873.940302,1535255475.122815,-1,1253
0371,100,2,1535254873.940302,1535255475.123025,-1,1253
0372,100,2,1535254873.940302,1535255475.123227,-1,1253
0373,100,2,1535254873.940302,1535255475.123474,-1,1253
0374,100,3,1535254873.940302,1535255435.791309,22,1216
0375,100,2,1535254873.940302,1535255475.123699,-1,1253
0376,100,2,1535254873.940302,1535255475.123907,-1,1253
0377,100,2,1535254873.940302,1535255475.12411,-1,1252
0378,100,2,1535254873.940302,1535255475.124312,-1,1254
0379,100,2,1535254873.940302,1535255475.124595,-1,1254
0380,100,2,1535254873.940302,1535255475.124801,-1,1254
0381,100,2,1535254873.940302,1535255475.125081,-1,1253
0382,100,2,1535254873.940302,1535255475.125285,-1,1253
0383,100,2,1535254873.940302,1535255475.125632,-1,1253
0384,100,2,1535254873.940302,1535255475.125961,-1,1253
0385,100,2,1535254873.940302,1535255475.126246,-1,1252
0386,100,2,1535254873.940302,1535255475.126609,-1,1252
0387,100,2,1535254873.940302,1535255475.126939,-1,1252
0388,100,2,1535254873.940302,1535255475.127309,-1,1253
0389,100,2,1535254873.940302,1535255475.127725,-1,1253
0390,100,2,1535254873.940302,1535255475.128043,-1,1252
0391,100,2,1535254873.940302,1535255475.12847,-1,1252
0392,100,2,1535254873.940302,1535255475.128807,-1,1252
0393,100,2,1535254873.940302,1535255475.129229,-1,1252
0394,100,2,1535254873.940302,1535255475.129455,-1,1252
0395,100,2,1535254873.940302,1535255475.129673,-1,1252
0396,100,2,1535254873.940302,1535255475.130081,-1,1252
0397,100,2,1535254873.940302,1535255475.130603,-1,1252
0398,100,2,1535254873.940302,1535255475.131286,-1,1252
0399,100,2,1535254873.940302,1535255475.131494,-1,1251
0400,100,2,1535254873.940302,1535255475.131699,-1,1251
0401,100,2,1535254873.940302,1535255475.29671,-1,1265
0402,100,2,1535254873.940302,1535255475.297237,-1,1265
0403,100,2,1535254873.940302,1535255475.297483,-1,1272
0404,100,2,1535254873.940302,1535255475.297724,-1,1272
0405,100,2,1535254873.940302,1535255475.297945,-1,1273
0406,100,2,1535254873.940302,1535255475.298165,-1,1272
0407,100,2,1535254873.940302,1535255475.298386,-1,1273
0408,100,2,1535254873.940302,1535255475.298726,-1,1264
0409,100,2,1535254873.940302,1535255475.299298,-1,1261
0410,100,2,1535254873.940302,1535255475.299815,-1,1261
0411,100,2,1535254873.940302,1535255475.300114,-1,1257
0412,100,2,1535254873.940302,1535255475.300707,-1,1256
0413,100,2,1535254873.940302,1535255414.993251,3,1649
0414,100,2,1535254873.940302,1535255414.996089,3,1647
0415,100,2,1535254873.940302,1535255414.996297,3,1665
0416,100,2,1535254873.940302,1535255414.996509,3,1668
0417,100,2,1535254873.940302,1535255414.996715,3,1665
0418,100,2,1535254873.940302,1535255414.996927,3,1665
0419,100,2,1535254873.940302,1535255475.131903,-1,1240
0420,100,2,1535254873.940302,1535255475.132169,-1,1241
0421,100,2,1535254873.940302,1535255475.132559,-1,1240
0422,100,2,1535254873.940302,1535255475.132932,-1,1240
0423,100,2,1535254873.940302,1535255475.133231,-1,1240
0424,100,2,1535254873.940302,1535255475.133694,-1,1240
0425,100,2,1535254873.940302,1535255475.134069,-1,1240
0426,100,2,1535254873.940302,1535255475.136106,-1,1241
0427,100,2,1535254873.940302,1535255475.140165,-1,1241
0428,100,2,1535254873.940302,1535255475.151477,-1,1239
0429,100,2,1535254873.940302,1535255475.15182,-1,1240
0430,100,2,1535254873.940302,1535255475.152056,-1,1240
0431,100,2,1535254873.940302,1535255475.152276,-1,1240
0432,100,2,1535254873.940302,1535255475.152733,-1,1238
0433,100,2,1535254873.940302,1535255475.153446,-1,1238
0434,100,2,1535254873.940302,1535255475.153765,-1,1240
0435,100,2,1535254873.940302,1535255475.154318,-1,1655
0436,100,2,1535254873.940302,1535255475.154985,-1,1655
0437,100,2,1535254873.940302,1535255475.155831,-1,1655
0438,100,2,1535254873.940302,1535255475.156413,-1,1655
0439,100,2,1535254873.940302,1535255475.156771,-1,1657
0440,100,2,1535254873.940302,1535255475.157297,-1,1655
0441,100,2,1535254873.940302,1535255475.157733,-1,1655
0442,100,2,1535254873.940302,1535255475.158051,-1,1657
0443,100,2,1535254873.940302,1535255475.158427,-1,1657
0444,100,2,1535254873.940302,1535255415.11115,3,1220
0445,100,3,1535254873.940302,1535255477.020848,-1,823
0446,100,2,1535254873.940302,1535255475.158632,-1,1235
0447,100,2,1535254873.940302,1535255475.158836,-1,1235
0448,100,2,1535254873.940302,1535255475.159039,-1,1235
0449,100,3,1535254873.940302,1535255491.437624,0,932
0450,100,3,1535254873.940302,1535255491.437633,0,932
0451,100,3,1535254873.940302,1535255489.739428,0,920
0452,100,3,1535254873.940302,1535255489.739587,0,920
0453,100,3,1535254873.940302,1535255491.437641,0,931
0454,100,3,1535254873.940302,1535255492.952063,0,939
0455,100,3,1535254873.940302,1535255489.388979,0,916
0456,100,3,1535254873.940302,1535255489.254606,0,915
0457,100,3,1535254873.940302,1535255489.38899,0,916
0458,100,3,1535254873.940302,1535255488.585152,0,910
0459,100,3,1535254873.940302,1535255489.388999,0,915
0460,100,3,1535254873.940302,1535255487.730729,0,903
0461,100,2,1535254873.940302,1535255475.159243,-1,1238
0462,100,2,1535254873.940302,1535255475.159445,-1,1238
0463,100,3,1535254873.940302,1535255487.730741,0,903
0464,100,3,1535254873.940302,1535255489.389007,0,915
0465,100,3,1535254873.940302,1535255494.729158,0,951
0466,100,3,1535254873.940302,1535255487.321421,0,900
0467,100,3,1535254873.940302,1535255487.175265,0,899
0468,100,3,1535254873.940302,1535255486.775087,0,895
0469,100,3,1535254873.940302,1535255487.321433,0,899
0470,100,3,1535254873.940302,1535255487.321442,0,899
0471,100,3,1535254873.940302,1535255485.676256,0,887
0472,100,3,1535254873.940302,1535255485.676268,0,887
0473,100,3,1535254873.940302,1535255486.563293,0,894
0474,100,3,1535254873.940302,1535255487.32145,0,899
0475,100,3,1535254873.940302,1535255485.281168,0,885
0476,100,3,1535254873.940302,1535255485.162237,0,883
0477,100,3,1535254873.940302,1535255484.75996,0,882
0478,100,3,1535254873.940302,1535255485.281179,0,886
0479,100,3,1535254873.940302,1535255485.281188,0,886
0480,100,3,1535254873.940302,1535255485.281196,0,886
0481,100,3,1535254873.940302,1535255494.980622,0,957
0482,100,3,1535254873.940302,1535255483.246416,0,872
0483,100,3,1535254873.940302,1535255483.246425,0,872
0484,100,3,1535254873.940302,1535255495.363213,0,961
0485,100,3,1535254873.940302,1535255495.4913,0,961
0486,100,2,1535254873.940302,1535255415.115662,3,1220
0487,100,2,1535254873.940302,1535255415.115864,3,1220
0488,100,2,1535254873.940302,1535255475.159689,-1,1240
0489,100,2,1535254873.940302,1535255475.159892,-1,1241
0490,100,2,1535254873.940302,1535255475.160094,-1,1241
0491,100,2,1535254873.940302,1535255415.116081,2,1217
0492,100,2,1535254873.940302,1535255415.116293,2,1228
0493,100,2,1535254873.940302,1535255415.116495,2,1229
0494,100,2,1535254873.940302,1535255415.116696,2,1229
0495,100,2,1535254873.940302,1535255415.116898,2,1228
0496,100,2,1535254873.940302,1535255415.117099,2,1228
0497,100,3,1535254873.940302,1535255495.491312,0,969
0498,100,2,1535254873.940302,1535255415.1173,2,1231
0499,100,2,1535254873.940302,1535255415.11757,2,1233
0500,100,2,1535254873.940302,1535255415.117828,2,1231
0501,100,2,1535254873.940302,1535255415.118033,2,1237
0502,100,2,1535254873.940302,1535255415.11824,1,1237
0503,100,2,1535254873.940302,1535255415.118443,1,1237
0504,100,2,1535254873.940302,1535255415.118645,1,1237
0505,100,2,1535254873.940302,1535255415.118875,1,1237
0506,100,2,1535254873.940302,1535255415.119076,1,1237
0507,100,2,1535254873.940302,1535255415.119278,1,1236
0508,100,2,1535254873.940302,1535255415.11948,1,1236
0509,100,2,1535254873.940302,1535255415.119682,1,1236
0510,100,2,1535254873.940302,1535255415.119884,1,1240
0511,100,2,1535254873.940302,1535255415.120199,1,1242
0512,100,2,1535254873.940302,1535255415.120412,1,1242
0513,100,2,1535254873.940302,1535255415.120661,1,1240
0514,100,2,1535254873.940302,1535255533.755076,-1,1239
0515,100,2,1535254873.940302,1535255533.237695,-1,1235
0516,100,2,1535254873.940302,1535255533.101078,-1,1235
0517,100,2,1535254873.940302,1535255532.966365,-1,1235
0518,100,2,1535254873.940302,1535255533.75522,-1,1241
0519,100,2,1535254873.940302,1535255532.837868,-1,1237
0520,100,2,1535254873.940302,1535255532.428815,-1,1233
0521,100,2,1535254873.940302,1535255532.293984,-1,1234
0522,100,2,1535254873.940302,1535255532.838191,-1,1237
0523,100,3,1535254873.940302,1535255533.616991,0,1229
0524,100,3,1535254873.940302,1535255533.071219,0,1226
0525,100,3,1535254873.940302,1535255532.938404,0,1224
0526,100,3,1535254873.940302,1535255532.807716,0,1221
0527,100,3,1535254873.940302,1535255533.617165,0,1227
0528,100,2,1535254873.940302,1535255415.112732,1,1246
0529,100,3,1535254873.940302,1535255532.262857,0,1220
0530,100,3,1535254873.940302,1535255532.120668,0,1219
0531,100,2,1535254873.940302,1535255415.113516,1,1246
0532,100,3,1535254873.940302,1535255531.595678,0,1215
0533,100,3,1535254873.940302,1535255531.040034,0,1213
0534,100,3,1535254873.940302,1535255530.899333,0,1211
0535,100,3,1535254873.940302,1535255531.595998,0,1217
0536,100,2,1535254873.940302,1535255415.114417,1,1248
0537,100,3,1535254873.940302,1535255530.690957,0,1216
0538,100,3,1535254873.940302,1535255530.237859,0,1215
0539,100,3,1535254873.940302,1535255530.105513,0,1214
0540,100,3,1535254873.940302,1535255530.691342,0,1216
0541,100,3,1535254873.940302,1535255482.508028,0,896
0542,100,2,1535254873.940302,1535255475.160296,-1,1269
0543,100,2,1535254873.940302,1535255475.160569,-1,1269
0544,100,2,1535254873.940302,1535255475.160789,-1,1269
0545,100,2,1535254873.940302,1535255475.161067,-1,1269
0546,100,2,1535254873.940302,1535255475.161274,-1,1273
0547,100,2,1535254873.940302,1535255475.161476,-1,1280
0548,100,3,1535254873.940302,1535255436.436927,22,1240
0549,100,3,1535254873.940302,1535255440.53194,20,1239
0550,100,3,1535254873.940302,1535255442.569644,19,1247
0551,100,3,1535254873.940302,1535255448.792429,17,1253
0552,100,3,1535254873.940302,1535255443.746836,19,1251
0553,100,3,1535254873.940302,1535255443.746859,19,1252
0554,100,3,1535254873.940302,1535255446.222393,18,1255
0555,100,3,1535254873.940302,1535255446.22272,18,1255
0556,100,3,1535254873.940302,1535255433.58781,23,1242
0557,100,3,1535254873.940302,1535255433.587913,23,1242
0558,100,3,1535254873.940302,1535255433.589237,23,1243
0559,100,3,1535254873.940302,1535255433.589272,23,1243
0560,100,3,1535254873.940302,1535255433.590143,23,1243
0561,100,3,1535254873.940302,1535255446.223144,18,1265
0562,100,3,1535254873.940302,1535255446.223806,18,1265
0563,100,3,1535254873.940302,1535255448.270631,17,1272
0564,100,3,1535254873.940302,1535255431.538926,24,1247
0565,100,3,1535254873.940302,1535255429.243512,25,1244
0566,100,3,1535254873.940302,1535255429.243528,25,1244
0567,100,3,1535254873.940302,1535255428.241028,26,1244
0568,100,3,1535254873.940302,1535255429.523983,25,1245
0569,100,3,1535254873.940302,1535255429.524044,25,1245
0570,100,3,1535254873.940302,1535255429.524923,25,1245
0571,100,3,1535254873.940302,1535255429.52505,25,1245
0572,100,3,1535254873.940302,1535255429.525155,25,1245
0573,100,3,1535254873.940302,1535255430.162348,25,1245
0574,100,3,1535254873.940302,1535255427.231228,26,1244
0575,100,3,1535254873.940302,1535255427.231545,26,1243
0576,100,3,1535254873.940302,1535255426.219298,26,1243
0577,100,3,1535254873.940302,1535255427.382351,26,1244
0578,100,3,1535254873.940302,1535255427.382665,26,1244
0579,100,3,1535254873.940302,1535255427.383301,26,1244
0580,100,3,1535254873.940302,1535255427.383806,26,1244
0581,100,3,1535254873.940302,1535255427.384289,26,1244
0582,100,3,1535254873.940302,1535255427.971066,26,1248
0583,100,3,1535254873.940302,1535255425.192531,27,1249
0584,100,3,1535254873.940302,1535255425.192543,27,1249
0585,100,3,1535254873.940302,1535255425.329406,27,1249
0586,100,3,1535254873.940302,1535255425.329424,27,1249
0587,100,3,1535254873.940302,1535255425.329438,27,1249
0588,100,3,1535254873.940302,1535255425.329452,27,1249
0589,100,3,1535254873.940302,1535255425.329466,27,1249
0590,100,3,1535254873.940302,1535255425.963009,27,1249
0591,100,3,1535254873.940302,1535255430.289657,25,1253
0592,100,3,1535254873.940302,1535255423.273803,28,1255
0593,100,3,1535254873.940302,1535255423.274111,28,1252
0594,100,3,1535254873.940302,1535255423.274628,28,1253
0595,100,3,1535254873.940302,1535255423.274789,28,1253
0596,100,3,1535254873.940302,1535255423.275093,28,1253
0597,100,3,1535254873.940302,1535255423.921324,27,1252
0598,100,3,1535254873.940302,1535255431.539298,24,1253
0599,100,3,1535254873.940302,1535255431.539608,24,1253
0600,100,3,1535254873.940302,1535255431.539906,24,1256
0601,100,3,1535254873.940302,1535255421.228877,29,1258
0602,100,3,1535254873.940302,1535255421.228885,29,1257
0603,100,3,1535254873.940302,1535255421.228893,29,1257
0604,100,3,1535254873.940302,1535255458.082124,13,1266
0605,100,3,1535254873.940302,1535255458.52466,12,1266
0606,100,3,1535254873.940302,1535255431.540222,24,1256
0607,100,3,1535254873.940302,1535255460.173846,12,1266
0608,100,3,1535254873.940302,1535255460.544772,12,1266
0609,100,3,1535254873.940302,1535255460.544781,12,1263
0610,100,3,1535254873.940302,1535255448.792441,17,1250
0611,100,3,1535254873.940302,1535255446.229587,18,1246
0612,100,3,1535254873.940302,1535255449.927153,16,1254
0613,100,3,1535254873.940302,1535255454.030239,15,1737
0614,100,3,1535254873.940302,1535255452.898039,15,1735
0615,100,3,1535254873.940302,1535255454.030605,15,1737
0616,100,3,1535254873.940302,1535255454.412009,14,1737
0617,100,3,1535254873.940302,1535255454.412376,14,1737
0618,100,3,1535254873.940302,1535255452.386921,15,1734
0619,100,3,1535254873.940302,1535255452.387081,15,1733
0620,100,3,1535254873.940302,1535255452.387383,15,1734
0621,100,3,1535254873.940302,1535255452.387529,15,1733
0622,100,3,1535254873.940302,1535255451.999922,15,1734
0623,100,3,1535254873.940302,1535255450.863038,16,1731
0624,100,3,1535254873.940302,1535255452.387812,15,1733
0625,100,3,1535254873.940302,1535255452.898401,15,1733
0626,100,3,1535254873.940302,1535255454.412552,14,1736
0627,100,3,1535254873.940302,1535255450.357627,16,1729
0628,100,3,1535254873.940302,1535255450.357639,16,1729
0629,100,3,1535254873.940302,1535255450.357647,16,1729
0630,100,3,1535254873.940302,1535255449.927164,16,1729
0631,100,3,1535254873.940302,1535255450.357655,16,1729
0632,100,3,1535254873.940302,1535255450.357663,16,1730
0633,100,3,1535254873.940302,1535255450.863053,16,1730
0634,100,3,1535254873.940302,1535255454.41287,14,1736
0635,100,3,1535254873.940302,1535255454.41315,14,1736
0636,100,3,1535254873.940302,1535255448.270662,17,1726
0637,100,3,1535254873.940302,1535255448.270685,17,1726
0638,100,3,1535254873.940302,1535255448.270719,17,1726
0639,100,3,1535254873.940302,1535255448.270738,17,1725
0640,100,3,1535254873.940302,1535255454.922383,14,1738
0641,100,3,1535254873.940302,1535255454.922666,14,1737
0642,100,3,1535254873.940302,1535255456.053317,14,1737
0643,100,3,1535254873.940302,1535255456.053328,14,1738
0644,100,3,1535254873.940302,1535255460.544789,11,1705
0645,100,3,1535254873.940302,1535255462.136727,11,1706
0646,100,3,1535254873.940302,1535255456.415746,14,1737
0647,100,3,1535254873.940302,1535255456.415904,13,1737
0648,100,3,1535254873.940302,1535255456.416062,13,1737
0649,100,3,1535254873.940302,1535255456.416364,13,1738
0650,100,3,1535254873.940302,1535255456.41652,13,1738
0651,100,3,1535254873.940302,1535255468.800759,8,1743
0652,100,2,1535254873.940302,1535255475.16168,-1,1732
0653,100,3,1535254873.940302,1535255529.591232,0,1668
0654,100,3,1535254873.940302,1535255477.021162,-1,1320
0655,100,2,1535254873.940302,1535255475.161883,-1,1731
0656,100,2,1535254873.940302,1535255475.162108,-1,1731
0657,100,2,1535254873.940302,1535255475.162363,-1,1731
0658,100,2,1535254873.940302,1535255475.162566,-1,1731
0659,100,3,1535254873.940302,1535255475.078258,-1,1304
0660,100,3,1535254873.940302,1535255475.078499,-1,1304
0661,100,3,1535254873.940302,1535255477.021385,-1,1318
0662,100,3,1535254873.940302,1535255477.02161,-1,1318
0663,100,2,1535254873.940302,1535255475.162768,-1,1281
0664,100,2,1535254873.940302,1535255475.16297,-1,1281
0665,100,2,1535254873.940302,1535255475.163173,-1,1282
0666,100,2,1535254873.940302,1535255475.163374,-1,1283
0667,100,3,1535254873.940302,1535255475.075505,-1,1305
0668,100,3,1535254873.940302,1535255477.02186,-1,1319
0669,100,3,1535254873.940302,1535255477.022091,-1,1320
0670,100,3,1535254873.940302,1535255477.030183,-1,1320
0671,100,3,1535254873.940302,1535255529.019323,0,1664
0672,100,2,1535254873.940302,1535255475.163764,-1,1285
0673,100,2,1535254873.940302,1535255475.164343,-1,1286
0674,100,2,1535254873.940302,1535255475.164722,-1,1285
0675,100,2,1535254873.940302,1535255475.164991,-1,1289
0676,100,2,1535254873.940302,1535255475.166671,-1,1289
0677,100,2,1535254873.940302,1535255475.167075,-1,1289
0678,100,2,1535254873.940302,1535255475.167297,-1,1290
0679,100,2,1535254873.940302,1535255475.167502,-1,1289
0680,100,2,1535254873.940302,1535255475.167742,-1,1290
0681,100,2,1535254873.940302,1535255475.167946,-1,1292
0682,100,2,1535254873.940302,1535255475.168175,-1,1292
0683,100,2,1535254873.940302,1535255475.168491,-1,1291
0684,100,2,1535254873.940302,1535255475.16871,-1,1293
0685,100,2,1535254873.940302,1535255475.168915,-1,1293
0686,100,2,1535254873.940302,1535255475.169443,-1,1293
0687,100,2,1535254873.940302,1535255475.169809,-1,1294
0688,100,2,1535254873.940302,1535255475.170162,-1,1293
0689,100,2,1535254873.940302,1535255475.170538,-1,1293
0690,100,2,1535254873.940302,1535255475.171098,-1,1293
0691,100,2,1535254873.940302,1535255475.171432,-1,1293
0692,100,2,1535254873.940302,1535255475.171701,-1,1288
0693,100,2,1535254873.940302,1535255475.171976,-1,1288
0694,100,2,1535254873.940302,1535255475.172224,-1,1288
0695,100,2,1535254873.940302,1535255475.172446,-1,1288
0696,100,2,1535254873.940302,1535255475.17265,-1,1286
0697,100,2,1535254873.940302,1535255475.172898,-1,1291
0698,100,2,1535254873.940302,1535255475.173144,-1,1287
0699,100,3,1535254873.940302,1535255474.968416,-1,1260
0700,100,3,1535254873.940302,1535255474.96884,-1,1260
0701,100,2,1535254873.940302,1535255475.173348,-1,1463
0702,100,2,1535254873.940302,1535255475.173572,-1,1463
0703,100,2,1535254873.940302,1535255475.173775,-1,1463
0704,100,2,1535254873.940302,1535255475.173977,-1,1463
0705,100,2,1535254873.940302,1535255475.174179,-1,1462
0706,100,2,1535254873.940302,1535255475.174457,-1,1462
0707,100,2,1535254873.940302,1535255475.174664,-1,1463
0708,100,2,1535254873.940302,1535255475.174955,-1,1463
0709,100,2,1535254873.940302,1535255475.175209,-1,1463
0710,100,2,1535254873.940302,1535255475.175651,-1,1463
0711,100,2,1535254873.940302,1535255475.175962,-1,1461
0712,100,2,1535254873.940302,1535255475.176198,-1,1461
0713,100,2,1535254873.940302,1535255475.176417,-1,1461
0714,100,2,1535254873.940302,1535255475.176636,-1,1461
0715,100,2,1535254873.940302,1535255475.176939,-1,1461
0716,100,2,1535254873.940302,1535255475.177161,-1,1462
0717,100,2,1535254873.940302,1535255475.177381,-1,1462
0718,100,2,1535254873.940302,1535255475.177782,-1,1461
0719,100,2,1535254873.940302,1535255475.178145,-1,1461
0720,100,2,1535254873.940302,1535255475.178526,-1,1461
0721,100,2,1535254873.940302,1535255475.178733,-1,1460
0722,100,2,1535254873.940302,1535255475.178938,-1,1461
0723,100,2,1535254873.940302,1535255475.179143,-1,1459
0724,100,2,1535254873.940302,1535255475.179347,-1,1460
0725,100,2,1535254873.940302,1535255475.179589,-1,1461
0726,100,2,1535254873.940302,1535255475.179795,-1,1461
0727,100,2,1535254873.940302,1535255475.179999,-1,1458
0728,100,2,1535254873.940302,1535255475.180203,-1,1460
0729,100,2,1535254873.940302,1535255475.18041,-1,1460
0730,100,2,1535254873.940302,1535255475.180619,-1,1457
0731,100,2,1535254873.940302,1535255475.180887,-1,1460
0732,100,2,1535254873.940302,1535255475.181101,-1,1461
0733,100,3,1535254873.940302,1535255476.625365,0,1459
0734,100,3,1535254873.940302,1535255476.497007,0,1463
0735,100,2,1535254873.940302,1535255475.181306,-1,1464
0736,100,3,1535254873.940302,1535255475.418137,0,1451
0737,100,3,1535254873.940302,1535255475.418148,0,1455
0738,100,3,1535254873.940302,1535255528.83035,0,1823
0739,100,3,1535254873.940302,1535255529.591537,0,1826
0740,100,3,1535254873.940302,1535255530.772733,0,1838
0741,100,3,1535254873.940302,1535255528.647566,0,1823
0742,100,3,1535254873.940302,1535255528.205755,0,1818
0743,100,3,1535254873.940302,1535255528.063304,0,1817
0744,100,3,1535254873.940302,1535255528.64758,0,1852
0745,100,3,1535254873.940302,1535255527.533279,0,1839
0746,100,2,1535254873.940302,1535255475.18151,-1,1919
0747,100,3,1535254873.940302,1535255474.967898,-1,1463
0748,100,3,1535254873.940302,1535255474.968106,-1,1460
0749,100,3,1535254873.940302,1535255474.969319,-1,1463
0750,100,3,1535254873.940302,1535255474.969607,-1,1462
0751,100,3,1535254873.940302,1535255474.977509,-1,1462
0752,100,3,1535254873.940302,1535255474.977758,-1,1462
0753,100,3,1535254873.940302,1535255526.972997,0,1804
0754,100,3,1535254873.940302,1535255474.948862,-1,1464
0755,100,3,1535254873.940302,1535255474.966369,-1,1464
0756,100,3,1535254873.940302,1535255474.94842,-1,1450
0757,100,3,1535254873.940302,1535255474.948624,-1,1449
0758,100,3,1535254873.940302,1535255474.948216,-1,1451
0759,100,3,1535254873.940302,1535255474.966631,-1,1450
0760,100,3,1535254873.940302,1535255474.966957,-1,1450
0761,100,3,1535254873.940302,1535255474.967171,-1,1450
0762,100,3,1535254873.940302,1535255474.967375,-1,1450
0763,100,3,1535254873.940302,1535255474.94687,-1,1451
0764,100,3,1535254873.940302,1535255474.947072,-1,1451
0765,100,3,1535254873.940302,1535255474.946466,-1,1438
0766,100,3,1535254873.940302,1535255474.946668,-1,1439
0767,100,3,1535254873.940302,1535255474.946263,-1,1439
0768,100,3,1535254873.940302,1535255474.947274,-1,1439
0769,100,3,1535254873.940302,1535255474.947501,-1,1438
0770,100,3,1535254873.940302,1535255474.947806,-1,1438
0771,100,3,1535254873.940302,1535255474.948013,-1,1439
0772,100,3,1535254873.940302,1535255474.945006,-1,1438
0773,100,2,1535254873.940302,1535255475.181715,-1,1467
0774,100,3,1535254873.940302,1535255474.945209,-1,1422
0775,100,3,1535254873.940302,1535255474.943995,-1,1423
0776,100,3,1535254873.940302,1535255474.944664,-1,1421
0777,100,3,1535254873.940302,1535255474.943637,-1,1421
0778,100,3,1535254873.940302,1535255474.945412,-1,1423
0779,100,3,1535254873.940302,1535255474.945614,-1,1422
0780,100,3,1535254873.940302,1535255474.945818,-1,1422
0781,100,3,1535254873.940302,1535255474.946041,-1,1423
0782,100,3,1535254873.940302,1535255474.978742,0,1452
0783,100,3,1535254873.940302,1535255474.941663,-1,1407
0784,100,3,1535254873.940302,1535255474.942109,-1,1406
0785,100,3,1535254873.940302,1535255474.811588,-1,1406
0786,100,3,1535254873.940302,1535255474.941391,-1,1408
0787,100,3,1535254873.940302,1535255474.811376,-1,1405
0788,100,3,1535254873.940302,1535255474.942434,-1,1407
0789,100,3,1535254873.940302,1535255474.942828,-1,1407
0790,100,3,1535254873.940302,1535255474.943091,-1,1407
0791,100,3,1535254873.940302,1535255474.943366,-1,1404
0792,100,3,1535254873.940302,1535255474.810124,-1,1389
0793,100,3,1535254873.940302,1535255474.809719,-1,1388
0794,100,3,1535254873.940302,1535255474.809922,-1,1388
0795,100,3,1535254873.940302,1535255474.810355,-1,1389
0796,100,3,1535254873.940302,1535255474.810559,-1,1389
0797,100,3,1535254873.940302,1535255474.810762,-1,1389
0798,100,3,1535254873.940302,1535255474.810964,-1,1389
0799,100,3,1535254873.940302,1535255474.811165,-1,1389
0800,100,3,1535254873.940302,1535255474.967608,-1,1392
0801,100,3,1535254873.940302,1535255474.808452,-1,1367
0802,100,3,1535254873.940302,1535255474.808249,-1,1364
0803,100,3,1535254873.940302,1535255474.808661,-1,1368
0804,100,3,1535254873.940302,1535255474.808872,-1,1368
0805,100,3,1535254873.940302,1535255474.809075,-1,1368
0806,100,3,1535254873.940302,1535255474.809312,-1,1368
0807,100,3,1535254873.940302,1535255526.669632,0,1712
0808,100,3,1535254873.940302,1535255527.533294,0,1718
0809,100,3,1535254873.940302,1535255528.64759,0,1726
0810,100,3,1535254873.940302,1535255474.806415,-1,1356
0811,100,3,1535254873.940302,1535255474.805801,-1,1356
0812,100,3,1535254873.940302,1535255474.806007,-1,1356
0813,100,3,1535254873.940302,1535255474.806212,-1,1356
0814,100,3,1535254873.940302,1535255474.805595,-1,1356
0815,100,3,1535254873.940302,1535255474.80672,-1,1356
0816,100,3,1535254873.940302,1535255474.80693,-1,1356
0817,100,3,1535254873.940302,1535255474.807133,-1,1356
0818,100,3,1535254873.940302,1535255474.80736,-1,1355
0819,100,3,1535254873.940302,1535255474.804263,-1,1347
0820,100,3,1535254873.940302,1535255474.803271,-1,1345
0821,100,3,1535254873.940302,1535255474.803636,-1,1347
0822,100,3,1535254873.940302,1535255474.803911,-1,1347
0823,100,3,1535254873.940302,1535255474.668049,-1,1346
0824,100,3,1535254873.940302,1535255474.804675,-1,1347
0825,100,3,1535254873.940302,1535255474.666856,-1,1347
0826,100,3,1535254873.940302,1535255474.667123,-1,1347
0827,100,3,1535254873.940302,1535255526.514377,0,1693
0828,100,3,1535254873.940302,1535255474.804888,-1,1335
0829,100,3,1535254873.940302,1535255474.667353,-1,1331
0830,100,3,1535254873.940302,1535255474.666418,-1,1334
0831,100,3,1535254873.940302,1535255474.666637,-1,1334
0832,100,3,1535254873.940302,1535255526.094326,0,1673
0833,100,3,1535254873.940302,1535255474.667573,-1,1335
0834,100,3,1535254873.940302,1535255474.667792,-1,1335
0835,100,3,1535254873.940302,1535255474.805094,-1,1335
0836,100,3,1535254873.940302,1535255525.966863,0,1678
0837,100,3,1535254873.940302,1535255526.514558,0,1674
0838,100,3,1535254873.940302,1535255525.42902,0,1666
0839,100,3,1535254873.940302,1535255524.869806,0,1661
0840,100,3,1535254873.940302,1535255524.636586,0,1660
0841,100,3,1535254873.940302,1535255525.429033,0,1664
0842,100,3,1535254873.940302,1535255526.514902,0,1674
0843,100,3,1535254873.940302,1535255524.471426,0,1660
0844,100,3,1535254873.940302,1535255524.007979,0,1657
0845,100,3,1535254873.940302,1535255523.87675,0,1654
0846,100,3,1535254873.940302,1535255524.47235,0,1646
0847,100,3,1535254873.940302,1535255523.333032,0,1637
0848,100,3,1535254873.940302,1535255522.741166,0,1634
0849,100,3,1535254873.940302,1535255522.569057,0,1634
0850,100,3,1535254873.940302,1535255523.333044,0,1639
0851,100,3,1535254873.940302,1535255524.472907,0,1646
0852,100,3,1535254873.940302,1535255522.421602,0,1632
0853,100,3,1535254873.940302,1535255521.926711,0,1628
0854,100,3,1535254873.940302,1535255521.792167,0,1628
0855,100,3,1535254873.940302,1535255522.422174,0,1621
0856,100,3,1535254873.940302,1535255521.250883,0,1612
0857,100,3,1535254873.940302,1535255520.620469,0,1609
0858,100,3,1535254873.940302,1535255521.250897,0,1613
0859,100,3,1535254873.940302,1535255522.422188,0,1621
0860,100,2,1535254873.940302,1535255415.005335,1,1716
0861,100,3,1535254873.940302,1535255520.36064,0,1607
0862,100,3,1535254873.940302,1535255474.666196,-1,1303
0863,100,3,1535254873.940302,1535255474.805374,-1,1305
0864,100,3,1535254873.940302,1535255474.807565,-1,1294
0865,100,3,1535254873.940302,1535255474.809517,-1,1292
0866,100,3,1535254873.940302,1535255519.815766,0,1594
0867,100,3,1535254873.940302,1535255481.562849,0,891
0868,100,3,1535254873.940302,1535255488.782599,0,948
0869,100,3,1535254873.940302,1535255490.587542,0,962
0870,100,3,1535254873.940302,1535255474.986592,0,1250
0871,100,3,1535254873.940302,1535255474.536398,0,1248
0872,100,3,1535254873.940302,1535255519.669588,0,1593
0873,100,3,1535254873.940302,1535255477.120549,-1,1302
0874,100,3,1535254873.940302,1535255474.414483,0,1244
0875,100,3,1535254873.940302,1535255520.360667,0,1584
0876,100,3,1535254873.940302,1535255474.98674,0,1250
0877,100,3,1535254873.940302,1535255474.987022,0,1249
0878,100,2,1535254873.940302,1535255475.181931,-1,1257
0879,100,2,1535254873.940302,1535255475.182241,-1,1257
0880,100,2,1535254873.940302,1535255475.182743,-1,1266
0881,100,2,1535254873.940302,1535255475.183005,-1,1265
0882,100,2,1535254873.940302,1535255475.18332,-1,1257
0883,100,3,1535254873.940302,1535255472.482074,6,1231
0884,100,3,1535254873.940302,1535255472.354237,7,1233
0885,100,2,1535254873.940302,1535255475.183581,-1,1258
0886,100,3,1535254873.940302,1535255519.109262,0,1551
0887,100,3,1535254873.940302,1535255518.61247,0,1548
0888,100,3,1535254873.940302,1535255518.477216,0,1547
0889,100,3,1535254873.940302,1535255519.10928,0,1552
0890,100,3,1535254873.940302,1535255520.360741,0,1561
0891,100,3,1535254873.940302,1535255518.295054,0,1538
0892,100,3,1535254873.940302,1535255517.750671,0,1535
0893,100,3,1535254873.940302,1535255517.622353,0,1535
0894,100,3,1535254873.940302,1535255518.295066,0,1539
0895,100,3,1535254873.940302,1535255517.026377,0,1531
0896,100,3,1535254873.940302,1535255516.551054,0,1528
0897,100,3,1535254873.940302,1535255516.433882,0,1527
0898,100,3,1535254873.940302,1535255517.02662,0,1531
0899,100,3,1535254873.940302,1535255518.295074,0,1539
0900,100,3,1535254873.940302,1535255516.22124,0,1518
0901,100,3,1535254873.940302,1535255515.684326,0,1513
0902,100,3,1535254873.940302,1535255515.556222,0,1513
0903,100,3,1535254873.940302,1535255516.221396,0,1518
0904,100,3,1535254873.940302,1535255515.012321,0,1510
0905,100,3,1535254873.940302,1535255514.442824,0,1505
0906,100,3,1535254873.940302,1535255514.301243,0,1505
0907,100,3,1535254873.940302,1535255515.012614,0,1509
0908,100,3,1535254873.940302,1535255516.221682,0,1517
0909,100,3,1535254873.940302,1535255514.175342,0,1497
0910,100,3,1535254873.940302,1535255513.617212,0,1493
0911,100,3,1535254873.940302,1535255513.446148,0,1494
0912,100,3,1535254873.940302,1535255514.175356,0,1498
0913,100,3,1535254873.940302,1535255512.983142,0,1492
0914,100,3,1535254873.940302,1535255512.392885,0,1489
0915,100,3,1535254873.940302,1535255512.983699,0,1491
0916,100,3,1535254873.940302,1535255514.175367,0,1500
0917,100,3,1535254873.940302,1535255512.050099,0,1488
0918,100,3,1535254873.940302,1535255511.542526,0,1480
0919,100,3,1535254873.940302,1535255511.361291,0,1478
0920,100,3,1535254873.940302,1535255512.05012,0,1483
0921,100,3,1535254873.940302,1535255510.946775,0,1477
0922,100,3,1535254873.940302,1535255510.946808,0,1477
0923,100,3,1535254873.940302,1535255510.216383,0,1473
0924,100,3,1535254873.940302,1535255510.216396,0,1473
0925,100,3,1535254873.940302,1535255512.050135,0,1482
0926,100,3,1535254873.940302,1535255509.968726,0,1471
0927,100,3,1535254873.940302,1535255509.470943,0,1466
0928,100,3,1535254873.940302,1535255509.300566,0,1466
0929,100,3,1535254873.940302,1535255509.969427,0,1469
0930,100,3,1535254873.940302,1535255508.85817,0,1463
0931,100,3,1535254873.940302,1535255508.85942,0,1463
0932,100,2,1535254873.940302,1535255415.056046,1,1643
0933,100,2,1535254873.940302,1535255415.056275,1,1643
0934,100,2,1535254873.940302,1535255415.051058,1,1644
0935,100,3,1535254873.940302,1535255507.965791,0,1460
0936,100,3,1535254873.940302,1535255507.44923,0,1458
0937,100,3,1535254873.940302,1535255507.218107,0,1456
0938,100,3,1535254873.940302,1535255507.967126,0,1459
0939,100,3,1535254873.940302,1535255506.749733,0,1453
0940,100,3,1535254873.940302,1535255506.74987,0,1453
0941,100,3,1535254873.940302,1535255507.971756,0,1459
0942,100,3,1535254873.940302,1535255508.081391,0,1459
0943,100,3,1535254873.940302,1535255508.08142,0,1459
0944,100,3,1535254873.940302,1535255505.839666,0,1452
0945,100,3,1535254873.940302,1535255505.842145,0,1452
0946,100,3,1535254873.940302,1535255505.842176,0,1452
0947,100,3,1535254873.940302,1535255505.842193,0,1451
0948,100,3,1535254873.940302,1535255504.416365,0,1444
0949,100,3,1535254873.940302,1535255504.416388,0,1444
0950,100,3,1535254873.940302,1535255505.842211,0,1451
0951,100,3,1535254873.940302,1535255503.769864,0,1441
0952,100,3,1535254873.940302,1535255503.295722,0,1438
0953,100,3,1535254873.940302,1535255503.138344,0,1437
0954,100,3,1535254873.940302,1535255503.770016,0,1440
0955,100,3,1535254873.940302,1535255502.248293,0,1432
0956,100,3,1535254873.940302,1535255502.248603,0,1432
0957,100,3,1535254873.940302,1535255503.770037,0,1441
0958,100,3,1535254873.940302,1535255503.770051,0,1441
0959,100,3,1535254873.940302,1535255505.312093,0,1449
0960,100,3,1535254873.940302,1535255501.691304,0,1428
0961,100,3,1535254873.940302,1535255501.273044,0,1426
0962,100,3,1535254873.940302,1535255501.000386,0,1424
0963,100,3,1535254873.940302,1535255501.691318,0,1449
0964,100,3,1535254873.940302,1535255500.12378,0,1440
0965,100,3,1535254873.940302,1535255500.123833,0,1441
0966,100,3,1535254873.940302,1535255501.691328,0,1428
0967,100,3,1535254873.940302,1535255501.691337,0,1428
0968,100,3,1535254873.940302,1535255499.593102,0,1414
0969,100,3,1535254873.940302,1535255499.523943,0,1415
0970,100,3,1535254873.940302,1535255499.203304,0,1413
0971,100,3,1535254873.940302,1535255498.929094,0,1577
0972,100,3,1535254873.940302,1535255499.593127,0,1599
0973,100,3,1535254873.940302,1535255498.004229,0,1427
0974,100,3,1535254873.940302,1535255498.004242,0,1427
0975,100,3,1535254873.940302,1535255499.593141,0,1437
0976,100,3,1535254873.940302,1535255499.593451,0,1438
0977,100,3,1535254873.940302,1535255497.540838,0,1423
0978,100,3,1535254873.940302,1535255497.419601,0,1422
0979,100,3,1535254873.940302,1535255497.035415,0,1421
0980,100,3,1535254873.940302,1535255496.854471,0,1418
0981,100,3,1535254873.940302,1535255497.540861,0,1424
0982,100,3,1535254873.940302,1535255495.513975,0,1406
0983,100,3,1535254873.940302,1535255495.514132,0,1406
0984,100,3,1535254873.940302,1535255497.540876,0,1422
0985,100,3,1535254873.940302,1535255497.540889,0,1422
0986,100,3,1535254873.940302,1535255501.691352,0,1450
0987,100,3,1535254873.940302,1535255532.69125,0,1640
0988,100,3,1535254873.940302,1535255520.498194,0,1555
0989,100,3,1535254873.940302,1535255474.807769,-1,1250
0990,100,3,1535254873.940302,1535255474.808042,-1,1250
0991,100,3,1535254873.940302,1535255480.506628,0,1294
0992,100,3,1535254873.940302,1535255493.85343,0,1397
0993,100,3,1535254873.940302,1535255493.853441,0,1396
0994,100,2,1535254873.940302,1535255415.070471,1,1668
0995,100,3,1535254873.940302,1535255479.475658,0,1286
0996,100,3,1535254873.940302,1535255456.961557,13,1684
0997,100,3,1535254873.940302,1535255456.96158,13,1684
0998,100,3,1535254873.940302,1535255458.475477,13,1685
0999,100,3,1535254873.940302,1535255532.691838,0,1645
1000,100,3,1535254873.940302,1535255509.971844,0,1491
